date,average_unique_words,average_prop_unique_words,average_total_words
1989-03-18,303.84,0.41918286716274566,762.56
1989-03-25,270.48,0.4246196336548263,673.6
1989-04-01,270.48,0.4246196336548263,673.6
1989-04-08,273.72,0.4329206458400931,667.24
1989-04-15,273.72,0.4329206458400931,667.24
1989-04-22,300.68,0.43820100823533287,730.56
1989-04-29,300.68,0.43820100823533287,730.56
1989-05-06,287.56,0.43328207773663985,693.8
1989-05-13,287.56,0.43328207773663985,693.8
1989-05-20,431.0,0.41028732347754426,1265.44
1989-05-27,431.0,0.41028732347754426,1265.44
1989-06-03,440.88,0.41096549208399674,1290.24
1989-06-10,440.88,0.41096549208399674,1290.24
1989-06-17,391.36,0.40057400868407206,1171.52
1989-06-24,391.36,0.40057400868407206,1171.52
1989-07-01,395.44,0.4005605242721536,1181.48
1989-07-08,395.44,0.4005605242721536,1181.48
1989-07-15,389.12,0.40700384997869465,1158.16
1989-07-22,389.12,0.40700384997869465,1158.16
1989-07-29,384.52,0.4025211929789226,1170.6
1989-08-05,384.52,0.4025211929789226,1170.6
1989-08-12,307.32,0.41666906759002614,847.48
1989-08-19,307.32,0.41666906759002614,847.48
1989-08-26,457.2,0.4143530928622971,1288.04
1989-09-02,457.2,0.4143530928622971,1288.04
1989-09-09,458.08,0.4059147734269225,1302.6
1989-09-16,458.08,0.4059147734269225,1302.6
1989-09-23,465.6,0.405728289774722,1323.68
1989-09-30,465.6,0.405728289774722,1323.68
1989-10-07,395.8,0.4195584459692468,1032.28
1989-10-14,395.8,0.4195584459692468,1032.28
1989-10-21,294.72,0.4375946837426421,687.2
1989-10-28,294.72,0.4375946837426421,687.2
1989-11-04,364.88,0.4334727647186554,961.36
1989-11-11,435.0,0.4315711715414423,1211.04
1989-11-18,434.96,0.42900122568742866,1214.6
1989-11-25,503.76,0.42262479094254046,1492.88
1989-12-02,474.56,0.40835676417784456,1497.6
1989-12-09,476.8,0.4047862006405799,1506.36
1989-12-16,770.08,0.3848856455561726,2567.64
1989-12-23,768.88,0.3816839540028553,2568.68
1989-12-30,685.56,0.3982764649283034,2188.52
1990-01-06,685.56,0.3982764649283034,2188.52
1990-01-13,676.4,0.3946866548091855,2168.44
1990-01-20,618.4,0.40328492670189076,1911.88
1990-01-27,618.4,0.4032849267018907,1911.88
1990-02-03,777.96,0.37276447736369517,2579.36
1990-02-10,779.24,0.3740861106646918,2580.68
1990-02-17,929.0833333333334,0.37145147303009446,3398.9583333333335
1990-02-24,833.4166666666666,0.3756663826338779,2983.4166666666665
1990-03-03,832.2083333333334,0.37767992874601086,2977.375
1990-03-10,1168.92,0.37019767493562183,6787.96
1990-03-17,1165.36,0.3698537280317483,6781.24
1990-03-24,1104.96,0.38694630705285704,6509.84
1990-03-31,1106.28,0.3974387537800843,6501.44
1990-04-07,734.8,0.4077001864934381,2566.36
1990-04-14,810.68,0.43184136383114335,2195.84
1990-04-21,861.32,0.41330823106228803,2447.84
1990-04-28,838.84,0.4176200904295986,2407.56
1990-05-05,840.56,0.42597216628263906,2400.8
1990-05-12,871.36,0.43775268538446965,2300.2
1990-05-19,871.52,0.42511331951233716,2315.48
1990-05-26,908.72,0.4129571962331363,2471.4
1990-06-02,588.16,0.4199908289009617,1586.16
1990-06-09,549.88,0.42568254319232474,1359.92
1990-06-16,549.88,0.42568254319232485,1359.92
1990-06-23,567.32,0.4058623494109592,1427.6
1990-06-30,568.4,0.40925615221126277,1425.96
1990-07-07,557.64,0.3973994179911696,1420.12
1990-07-14,566.76,0.40220587522160733,1430.44
1990-07-21,462.2,0.396227925446194,1247.92
1990-07-28,454.24,0.3977078343805489,1225.64
1990-08-04,435.6,0.3922332623539477,1140.16
1990-08-11,372.68,0.3932625819026429,891.84
1990-08-18,376.8,0.39989049317671543,893.68
1990-08-25,377.6,0.4050238699955236,887.72
1990-09-01,525.6,0.39463224496446725,1311.16
1990-09-08,530.88,0.4054774036464967,1307.24
1990-09-15,519.92,0.41659748402170593,1268.84
1990-09-22,518.04,0.40853736006983415,1277.16
1990-09-29,518.04,0.40853736006983415,1277.16
1990-10-06,669.48,0.4146324356757273,1702.12
1990-10-13,675.8,0.4074897298425465,1732.92
1990-10-20,673.52,0.414717171530201,1714.72
1990-10-27,586.56,0.4034731506667964,1551.2
1990-11-03,582.68,0.39539301481390765,1555.92
1990-11-10,317.52,0.4101344859939887,907.64
1990-11-17,296.32,0.4106452897917122,853.28
1990-11-24,299.32,0.40792795331954146,865.0
1990-12-01,398.16,0.41361785217743263,1272.4
1990-12-08,407.12,0.40744905071846543,1296.44
1990-12-15,407.68,0.4030139176095508,1303.28
1990-12-22,400.48,0.4052469614128279,1282.44
1990-12-29,400.48,0.4052469614128279,1282.44
1991-01-05,367.52,0.4073553125852309,1110.36
1991-01-12,367.76,0.41443399438063083,1104.44
1991-01-19,375.6,0.40422519113546157,1130.32
1991-01-26,371.04,0.4025061774440277,1122.04
1991-02-02,378.88,0.4029297903847353,1138.56
1991-02-09,281.32,0.4146249709444049,704.6
1991-02-16,248.8,0.42574300320623626,591.28
1991-02-23,321.52,0.42272448822068237,850.16
1991-03-02,323.04,0.42676017754879747,846.8
1991-03-09,321.44,0.4283951817528586,840.16
1991-03-16,367.6,0.428732996811749,1002.76
1991-03-23,362.04,0.4272285884665554,992.56
1991-03-30,376.4,0.43085656217106,1020.16
1991-04-06,382.44,0.4361301247140257,1030.04
1991-04-13,442.24,0.42895891033457795,1282.52
1991-04-20,331.72,0.4503786737344672,831.6
1991-04-27,319.96,0.4532778511727753,800.4
1991-05-04,316.04,0.44481340656184437,811.0
1991-05-11,311.28,0.43757285461597545,811.44
1991-05-18,313.44,0.4399488687253231,813.12
1991-05-25,389.16,0.4374065059353472,1077.52
1991-06-01,553.76,0.40935625537469883,2204.64
1991-06-08,539.56,0.4111213310677428,2165.12
1991-06-15,583.64,0.4006261901459894,2375.0
1991-06-22,663.64,0.39954264402601475,2669.64
1991-06-29,617.72,0.39680490024000087,2468.2
1991-07-06,445.2,0.41518791621581025,1363.36
1991-07-13,447.4,0.4052917035957763,1389.04
1991-07-20,447.4,0.40529170359577626,1389.04
1991-07-27,444.56,0.3971602376528326,1393.2
1991-08-03,572.08,0.39105408947106574,1948.2
1991-08-10,393.64,0.3899556139529337,1210.0
1991-08-17,343.04,0.40714169654559973,960.96
1991-08-24,331.04,0.3939876367824884,946.12
1991-08-31,267.68,0.39660353347611504,688.44
1991-09-07,261.2,0.3865262851518472,684.64
1991-09-14,630.84,0.37551057536732607,4622.84
1991-09-21,627.24,0.37776575607453095,4605.08
1991-09-28,634.52,0.39214729834205103,4604.08
1991-10-05,627.72,0.40058813812006816,4572.92
1991-10-12,627.44,0.3926189956684125,4585.4
1991-10-19,838.88,0.38667312963522626,5365.68
1991-10-26,544.16,0.3947375847982113,1720.6
1991-11-02,550.84,0.39500904214436,1742.36
1991-11-09,543.72,0.38968744404764044,1743.8
1991-11-16,476.2,0.4112253774141637,1452.16
1991-11-23,479.8333333333333,0.40701462378279857,1480.9166666666667
1991-11-30,677.9166666666666,0.40213714289540387,2521.2083333333335
1991-12-07,460.0833333333333,0.415923033702055,1704.2083333333333
1991-12-14,452.9583333333333,0.41739398791138377,1686.25
1991-12-21,463.5833333333333,0.41742873255692703,1709.2916666666667
1991-12-28,463.5833333333333,0.41742873255692703,1709.2916666666667
1992-01-04,466.5833333333333,0.41650106543634885,1717.375
1992-01-11,453.375,0.4140578019775962,1687.5416666666667
1992-01-18,456.75,0.40511014134375073,1712.5416666666667
1992-01-25,464.16,0.4047511227805915,1711.48
1992-02-01,471.48,0.39941136721518705,1732.24
1992-02-08,469.44,0.3973740265477095,1730.48
1992-02-15,505.4,0.4081100069480888,1784.36
1992-02-22,320.32,0.41204428043847224,799.24
1992-02-29,311.84,0.40916165414270056,782.84
1992-03-07,365.24,0.3817573901715142,1387.76
1992-03-14,356.2,0.3931816224822694,1337.48
1992-03-21,354.8,0.39131714275214663,1336.44
1992-03-28,342.4,0.38180223857537565,1324.24
1992-04-04,282.96,0.3944910198171454,740.0
1992-04-11,314.72,0.3935862781396323,837.0
1992-04-18,349.6,0.39138824953230156,985.8
1992-04-25,339.8,0.39880382581413537,950.96
1992-05-02,321.44,0.4157127837181023,897.88
1992-05-09,318.4,0.4144852181405597,892.84
1992-05-16,311.4,0.4219230313578948,819.72
1992-05-23,645.96,0.4193291070261305,4487.72
1992-05-30,642.16,0.4160889456505529,4483.44
1992-06-06,692.72,0.4064167916922955,4892.28
1992-06-13,692.36,0.3988999342509342,4900.12
1992-06-20,698.56,0.3994179955436056,4912.4
1992-06-27,765.52,0.38687698680102073,5234.36
1992-07-04,763.96,0.3941777045938209,5221.28
1992-07-11,763.48,0.3925752145709441,5219.76
1992-07-18,449.16,0.4094968738842414,1577.52
1992-07-25,433.72,0.3994741193901776,1561.68
1992-08-01,377.36,0.3905748062405055,1423.64
1992-08-08,313.4,0.39416220834764665,1126.0
1992-08-15,245.2,0.4106025738560292,639.56
1992-08-22,269.32,0.42272717034801977,691.8
1992-08-29,263.72,0.43723118674334016,657.68
1992-09-05,273.6,0.430314338662803,669.08
1992-09-12,623.48,0.4202035146641308,2117.92
1992-09-19,246.08,0.42158604093682395,604.92
1992-09-26,243.16,0.43575068079359197,581.0
1992-10-03,248.32,0.4359850148540501,600.44
1992-10-10,327.4,0.43715984385292983,891.24
1992-10-17,402.48,0.4355159323403007,1144.64
1992-10-24,401.2,0.44175569659169045,1130.4
1992-10-31,405.4,0.4423617571977511,1138.76
1992-11-07,400.0,0.44695098791750903,1120.72
1992-11-14,434.24,0.4469059563284166,1270.92
1992-11-21,404.08,0.4555965229454152,1115.8
1992-11-28,365.04,0.44410026044640444,1036.64
1992-12-05,368.88,0.4208547782672514,1076.4
1992-12-12,574.52,0.42054639559332385,1836.72
1992-12-19,510.44,0.4047994445910617,1597.84
1992-12-26,507.24,0.38784508814504093,1617.8
1993-01-02,507.24,0.38784508814504093,1617.8
1993-01-09,505.2,0.3907136654902953,1609.04
1993-01-16,509.0,0.39286871350039654,1616.36
1993-01-23,262.96,0.41284710967132054,673.28
1993-01-30,262.76,0.41968637770461853,659.48
1993-02-06,273.36,0.41674283485115377,697.64
1993-02-13,260.12,0.41271869150258444,680.68
1993-02-20,270.76,0.41972554306450577,684.68
1993-02-27,272.28,0.41388099477159757,697.72
1993-03-06,316.72,0.40790261495425,914.6
1993-03-13,321.28,0.3898957029018242,930.68
1993-03-20,316.92,0.39464077520572693,916.8
1993-03-27,664.16,0.382332777033023,4371.52
1993-04-03,665.88,0.38759576602567414,4367.56
1993-04-10,1024.56,0.3800022815753088,8381.04
1993-04-17,1035.08,0.39648854041578707,8372.12
1993-04-24,1032.64,0.4049201194257752,8355.6
1993-05-01,735.32,0.41347678040055463,4603.16
1993-05-08,1081.96,0.41423288004540837,5390.72
1993-05-15,1083.92,0.40786953965726597,5399.4
1993-05-22,668.92,0.39666027045871355,4365.28
1993-05-29,668.52,0.40526295121797146,4349.6
1993-06-05,662.76,0.4010879037120441,4342.2
1993-06-12,680.9583333333334,0.39602828948214763,4508.25
1993-06-19,320.9166666666667,0.43419375026868323,886.5833333333334
1993-06-26,492.3333333333333,0.408337849285134,1643.3333333333333
1993-07-03,522.5833333333334,0.4155249915245908,1629.5416666666667
1993-07-10,515.0833333333334,0.4128138484744442,1617.1666666666667
1993-07-17,515.0416666666666,0.3991806666994489,1634.75
1993-07-24,549.1666666666666,0.3911445596541194,1830.2083333333333
1993-07-31,615.5,0.38034565680538707,2113.125
1993-08-07,616.9166666666666,0.36381928360694715,2123.875
1993-08-14,618.625,0.3632399826617488,2126.4166666666665
1993-08-21,664.7916666666666,0.36577927456236176,2402.75
1993-08-28,876.875,0.3611995591927997,2885.2916666666665
1993-09-04,816.5416666666666,0.36077623812215626,2556.75
1993-09-11,660.0,0.41044096708848515,1861.24
1993-09-18,578.04,0.41939075868064735,1569.64
1993-09-25,578.12,0.4330434321063854,1524.88
1993-10-02,488.76,0.433014068189959,1280.6
1993-10-09,742.48,0.43171323663869343,1937.52
1993-10-16,794.6,0.39906974082103736,2103.24
1993-10-23,565.72,0.40507247248992334,1462.52
1993-10-30,563.32,0.4074214473052035,1454.88
1993-11-06,558.88,0.4112951042727965,1439.8
1993-11-13,315.4,0.41552075508552877,802.16
1993-11-20,316.52,0.404867324106969,820.24
1993-11-27,299.72,0.4138298701219025,747.36
1993-12-04,274.2,0.38566159288385843,731.96
1993-12-11,272.36,0.3753665163402842,739.12
1993-12-18,263.2,0.37856644593777133,707.04
1993-12-25,263.2,0.3785664459377714,707.04
1994-01-01,402.92,0.37083455528778103,1844.6
1994-01-08,413.72,0.3743864539676162,1868.24
1994-01-15,408.6,0.37034418062358304,1859.52
1994-01-22,413.36,0.37165636403521396,1869.04
1994-01-29,407.92,0.3668264992053492,1866.2
1994-02-05,484.4,0.3617624721604973,2164.08
1994-02-12,490.68,0.364710704178218,2175.92
1994-02-19,408.4,0.37838977834825377,1853.28
1994-02-26,414.76,0.3868162136275236,1854.92
1994-03-05,412.56,0.40001479216400776,1836.24
1994-03-12,406.48,0.39122150160673685,1829.56
1994-03-19,483.52,0.3843085674544935,2222.08
1994-03-26,470.96,0.3762504597063032,2199.4
1994-04-02,319.68,0.4012096870801447,1010.16
1994-04-09,317.72,0.4157848167477759,985.8
1994-04-16,327.2,0.4085563275253141,1014.04
1994-04-23,324.36,0.40634117464352426,1009.0
1994-04-30,326.44,0.4007662240959294,1019.56
1994-05-07,322.52,0.40689942173904936,1007.48
1994-05-14,322.96,0.3991948786220307,1027.36
1994-05-21,329.84,0.4049952020993727,1037.28
1994-05-28,348.72,0.40098322921945256,1138.04
1994-06-04,326.0,0.40436611302490727,1022.08
1994-06-11,322.68,0.39008090201398377,1027.64
1994-06-18,337.96,0.3819479018761489,1129.72
1994-06-25,318.44,0.38427261359373494,1022.64
1994-07-02,315.24,0.3795848706029271,1020.76
1994-07-09,291.56,0.37747248637834196,831.48
1994-07-16,290.08,0.3730293082501899,836.64
1994-07-23,289.64,0.37467406464139846,833.04
1994-07-30,300.04,0.3588829557383032,896.76
1994-08-06,301.68,0.3649893973527573,890.32
1994-08-13,289.84,0.3647954976060583,865.56
1994-08-20,287.84,0.36431647908609266,859.12
1994-08-27,345.56,0.3772060564382811,975.72
1994-09-03,337.76,0.37630679280269574,961.4
1994-09-10,293.04,0.3766463875086159,855.48
1994-09-17,297.88,0.3687416126729916,874.44
1994-09-24,302.08,0.3798773064602284,869.56
1994-10-01,296.08,0.37469062835849276,861.64
1994-10-08,292.48,0.37733916755650027,850.04
1994-10-15,283.8,0.3781550302149161,819.24
1994-10-22,285.72,0.36715741140502217,840.76
1994-10-29,303.48,0.37265670740237966,890.0
1994-11-05,248.96,0.37063113343637033,703.04
1994-11-12,263.2,0.36378746770224735,742.36
1994-11-19,273.72,0.37581532088461034,746.6
1994-11-26,269.28,0.37193984661412716,738.24
1994-12-03,269.64,0.37087097816050224,742.44
1994-12-10,269.16,0.37931694035832025,724.56
1994-12-17,271.88,0.36914573913542886,749.68
1994-12-24,272.16,0.3780475214991361,731.24
1994-12-31,336.6,0.3600847872919243,1246.8
1995-01-07,326.28,0.3695881003303602,1206.96
1995-01-14,264.76,0.3706515376906183,731.48
1995-01-21,305.28,0.39828287992954287,760.36
1995-01-28,275.92,0.37339521980418316,737.2
1995-02-04,302.48,0.3977077083673653,754.68
1995-02-11,305.8,0.3994692436630299,751.44
1995-02-18,300.12,0.40472691238098835,736.56
1995-02-25,307.0,0.40896126554109247,743.92
1995-03-04,320.84,0.42010838553502666,751.56
1995-03-11,382.44,0.40835687156232675,1021.08
1995-03-18,360.76,0.4047878315288628,986.68
1995-03-25,360.12,0.4013838319104692,991.12
1995-04-01,383.56,0.39292683698172565,1042.2
1995-04-08,349.76,0.3793155243160111,992.16
1995-04-15,420.04,0.37472202059879367,1291.56
1995-04-22,354.64,0.38152528995475293,1021.04
1995-04-29,352.0,0.38703531321180057,983.72
1995-05-06,345.88,0.39032509208470595,963.08
1995-05-13,410.6,0.40030992267493454,1098.76
1995-05-20,405.72,0.4048978218002928,1080.12
1995-05-27,348.84,0.41080347230697223,835.76
1995-06-03,339.84,0.4078103463432342,819.2
1995-06-10,386.44,0.4021104285569049,1005.08
1995-06-17,289.88,0.40798772476479955,711.12
1995-06-24,300.92,0.41589439829194447,720.36
1995-07-01,287.04,0.4094473777247514,699.48
1995-07-08,367.84,0.40646431860060867,960.52
1995-07-15,296.72,0.4147400889064321,716.32
1995-07-22,405.4,0.4148183543822037,917.32
1995-07-29,402.72,0.41686648061494547,910.04
1995-08-05,389.04,0.40660066105508214,896.36
1995-08-12,409.36,0.41926460970409984,920.52
1995-08-19,415.24,0.4108554893705049,972.4
1995-08-26,484.28,0.4098773774182216,1158.76
1995-09-02,507.64,0.41108594154245603,1224.16
1995-09-09,535.68,0.42221341976370846,1267.36
1995-09-16,588.36,0.4157765448352648,1508.92
1995-09-23,592.76,0.4129246877213399,1526.52
1995-09-30,577.68,0.403512038924825,1506.48
1995-10-07,576.68,0.4038915212938182,1503.88
1995-10-14,522.48,0.4089386514704028,1340.8
1995-10-21,457.48,0.42294987677983475,1060.64
1995-10-28,459.12,0.43206752924996983,1047.12
1995-11-04,459.4,0.43229496066212997,1047.4
1995-11-11,460.6,0.4456437282851278,1033.36
1995-11-18,358.0,0.43347182098581444,860.2
1995-11-25,359.12,0.4356649486595026,860.24
1995-12-02,349.0,0.4374134956724543,820.24
1995-12-09,354.4,0.4526378789320164,807.24
1995-12-16,345.24,0.44142084286715083,805.56
1995-12-23,330.36,0.4327528508400261,785.68
1995-12-30,323.28,0.4285508567053657,767.36
1996-01-06,292.0,0.4158709867472236,722.24
1996-01-13,322.36,0.4430022355217561,750.72
1996-01-20,294.64,0.4196010138634134,720.12
1996-01-27,309.68,0.430128271330507,732.52
1996-02-03,313.36,0.43862807947522897,728.52
1996-02-10,359.4,0.43266888843069046,964.96
1996-02-17,358.28,0.4316078253637303,959.76
1996-02-24,357.4,0.4181632845117452,975.92
1996-03-02,358.2,0.42892955639041785,959.52
1996-03-09,400.24,0.40452391647212843,1502.92
1996-03-16,434.84,0.39486653839074815,1352.8
1996-03-23,421.96,0.39523941214405334,1605.6
1996-03-30,426.68,0.3902332289754017,1624.52
1996-04-06,427.8,0.4128169733651142,1578.24
1996-04-13,423.36,0.3939287188179299,1616.56
1996-04-20,425.12,0.3917991909462911,1625.4
1996-04-27,421.4,0.39146811468035636,1615.0
1996-05-04,426.64,0.385881416453835,1631.28
1996-05-11,426.0,0.4031293139704574,1680.64
1996-05-18,396.08,0.41142227906189677,1521.44
1996-05-25,395.6,0.418046255343829,1513.56
1996-06-01,339.84,0.4167895101605037,973.64
1996-06-08,325.32,0.412965240872946,944.6
1996-06-15,378.96,0.408819743306088,1474.44
1996-06-22,330.04,0.41581014476706507,944.8
1996-06-29,385.92,0.4105668839858476,1188.56
1996-07-06,315.0,0.4109176868173621,914.56
1996-07-13,316.88,0.40876051091767385,924.36
1996-07-20,316.8,0.41009415967726726,920.76
1996-07-27,332.6,0.4145079644663893,952.0
1996-08-03,334.24,0.4181918007036389,950.4
1996-08-10,376.2,0.4168692701936773,1114.8
1996-08-17,369.64,0.4241001750239805,1083.56
1996-08-24,374.36,0.42518824246221404,1092.72
1996-08-31,379.36,0.41608920585335085,1103.8
1996-09-07,432.0,0.4074397881580494,1412.2
1996-09-14,428.8,0.4178955980251659,1404.36
1996-09-21,440.4,0.41074889629895694,1429.52
1996-09-28,487.52,0.4211749578747577,1529.16
1996-10-05,487.6,0.4255578694005721,1522.0
1996-10-12,371.16,0.42772902135159685,1137.4
1996-10-19,365.24,0.4254511279523257,1128.44
1996-10-26,365.44,0.4341922847463619,1124.76
1996-11-02,368.32,0.4197377173660648,1148.36
1996-11-09,481.32,0.42230870669195086,1520.48
1996-11-16,376.96,0.41205654128182984,1173.8
1996-11-23,380.6,0.4218570984775124,1143.8
1996-11-30,354.36,0.4496635075353869,985.56
1996-12-07,364.96,0.45066688078218164,997.84
1996-12-14,312.84,0.46444146386952845,683.64
1996-12-21,364.24,0.4327283181011305,960.08
1996-12-28,302.08,0.4285620893857853,713.4
1997-01-04,304.0,0.4388246928745875,707.64
1997-01-11,307.96,0.4424577771090107,708.56
1997-01-18,304.48,0.43064930127582296,715.88
1997-01-25,299.0,0.42851525493133447,705.6
1997-02-01,300.6,0.44277989376473426,687.12
1997-02-08,306.68,0.4464436577348174,696.44
1997-02-15,297.12,0.44140399082463216,678.04
1997-02-22,300.32,0.4381641928201486,687.68
1997-03-01,303.2,0.4391855734917053,693.68
1997-03-08,310.8,0.4561051663423729,685.72
1997-03-15,274.64,0.4349499132960461,644.16
1997-03-22,284.4,0.44072413920354725,657.52
1997-03-29,274.48,0.43742239106756614,639.88
1997-04-05,277.16,0.4445627264603288,635.68
1997-04-12,282.04,0.44866822620804675,641.2
1997-04-19,277.84,0.4297586133083952,662.6
1997-04-26,273.68,0.4293973546936972,657.16
1997-05-03,267.48,0.4132586058051857,666.0
1997-05-10,267.2,0.41070554089849315,670.16
1997-05-17,273.04,0.4084486177058016,691.44
1997-05-24,271.76,0.4107095116388265,685.56
1997-05-31,265.8,0.4160212503431292,665.08
1997-06-07,268.8,0.4066132415729377,682.0
1997-06-14,498.28,0.40296253165369755,1760.04
1997-06-21,502.68,0.3918816205562161,1788.8
1997-06-28,500.56,0.39735428977424936,1781.44
1997-07-05,510.6,0.39568555201385736,1804.88
1997-07-12,509.04,0.4013080656750596,1794.4
1997-07-19,515.44,0.4066717300708348,1794.92
1997-07-26,517.36,0.4113221707305146,1795.12
1997-08-02,388.56,0.42676125758871636,885.88
1997-08-09,385.08,0.43072511947051156,876.32
1997-08-16,385.28,0.4425804679811847,852.24
1997-08-23,382.88,0.4425253426147062,847.32
1997-08-30,381.12,0.4472515003357447,835.12
1997-09-06,385.0,0.4485025190165392,843.28
1997-09-13,384.88,0.4639426642874346,821.36
1997-09-20,388.44,0.45282343763024313,843.04
1997-09-27,403.76,0.4359936675224866,891.32
1997-10-04,401.36,0.4420185561074366,882.64
1997-10-11,387.04,0.44322003278782035,850.6
1997-10-18,381.36,0.45028452657629076,825.28
1997-10-25,374.0,0.43962618678259646,823.04
1997-11-01,386.36,0.4286576069591643,862.84
1997-11-08,396.52,0.4343829419367418,880.08
1997-11-15,383.64,0.42551882640516964,862.6
1997-11-22,390.0,0.42625734927225567,878.0
1997-11-29,807.92,0.41778677953524634,1944.56
1997-12-06,869.92,0.4085212990702163,2211.76
1997-12-13,885.64,0.41736621143432406,2237.96
1997-12-20,871.32,0.4124475274975555,2211.88
1997-12-27,1007.8,0.4087611358768515,2524.32
1998-01-03,966.6,0.41141111514827455,2384.72
1998-01-10,1020.76,0.3997084044585254,2567.08
1998-01-17,961.68,0.40759926400046526,2372.76
1998-01-24,961.68,0.40759926400046526,2372.76
1998-01-31,873.0,0.4078272925630065,2210.84
1998-02-07,853.96,0.38568635212520147,2198.96
1998-02-14,487.24,0.39521718295030006,1291.6
1998-02-21,474.56,0.37639031690975133,1361.96
1998-02-28,476.16,0.3827768971447715,1356.88
1998-03-07,505.92,0.3721733288724012,1496.96
1998-03-14,437.76,0.362426692211084,1433.64
1998-03-21,496.32,0.36583595630867777,1674.72
1998-03-28,492.52,0.3669073793741535,1663.24
1998-04-04,494.32,0.3585869401129069,1683.44
1998-04-11,430.04,0.3483461298304234,1443.44
1998-04-18,429.32,0.35295568796859006,1435.44
1998-04-25,495.76,0.3468211975611035,1707.88
1998-05-02,471.4,0.3623520416416419,1595.08
1998-05-09,474.28,0.3714831865052709,1590.24
1998-05-16,513.48,0.3601190656692203,1740.88
1998-05-23,511.24,0.3670367129656189,1710.76
1998-05-30,552.0,0.36085483788274497,1859.12
1998-06-06,509.04,0.36553695574308165,1707.16
1998-06-13,716.52,0.34752264594816495,3214.8
1998-06-20,672.36,0.3568065511012788,3058.04
1998-06-27,468.48,0.36472375847425076,1586.6
1998-07-04,453.12,0.375212760737186,1482.2
1998-07-11,481.24,0.3671814929001652,1608.48
1998-07-18,464.6,0.3764391157803756,1503.56
1998-07-25,388.4,0.3907448657480135,1141.16
1998-08-01,636.24,0.3770385790538869,3652.76
1998-08-08,636.04,0.36486956151782673,3668.92
1998-08-15,701.36,0.3607122383362044,3942.04
1998-08-22,458.8,0.3941628362343584,1401.12
1998-08-29,531.1666666666666,0.3894527568552489,1700.375
1998-09-05,538.5833333333334,0.3987460030656433,1703.5416666666667
1998-09-12,637.92,0.3957540750318014,2244.28
1998-09-19,665.5,0.39027452795830925,2340.2083333333335
1998-09-26,669.8333333333334,0.3861777593404887,2360.625
1998-10-03,673.4166666666666,0.38003419286456563,2387.3333333333335
1998-10-10,631.1666666666666,0.3901184814197503,2216.625
1998-10-17,614.44,0.3889838012047313,2152.08
1998-10-24,687.8,0.3921121998044985,2454.48
1998-10-31,638.4,0.40649940734859713,2272.72
1998-11-07,699.52,0.40996598827256014,2455.6
1998-11-14,683.88,0.4383844926836751,2299.68
1998-11-21,677.24,0.4216063283751634,2314.64
1998-11-28,681.52,0.4357096721125917,2303.88
1998-12-05,562.92,0.4256885229555987,1862.44
1998-12-12,380.92,0.42374019071923874,1137.96
1998-12-19,380.24,0.4316253831523764,1125.56
1998-12-26,385.96,0.42732639193657457,1145.24
1999-01-02,385.96,0.42732639193657457,1145.24
1999-01-09,385.36,0.4032918970060057,1171.72
1999-01-16,390.36,0.4065045701520989,1178.32
1999-01-23,345.48,0.43696115163600174,945.8
1999-01-30,433.4,0.42160736289146705,1273.28
1999-02-06,430.0,0.41354242751085757,1270.04
1999-02-13,485.76,0.40553863841798765,1496.36
1999-02-20,432.72,0.4078398655378928,1291.32
1999-02-27,425.44,0.4033257674566469,1248.56
1999-03-06,584.72,0.3911080546504624,2044.72
1999-03-13,541.88,0.3717953131401736,1856.76
1999-03-20,487.84,0.38795669258832677,1617.92
1999-03-27,396.36,0.4199722146082213,1043.36
1999-04-03,404.04,0.41056588844452657,1071.88
1999-04-10,478.2,0.39925047457098983,1323.96
1999-04-17,411.48,0.402481227077959,1091.76
1999-04-24,611.6,0.39839260276211164,2491.08
1999-05-01,668.76,0.3838712768876266,2752.76
1999-05-08,664.96,0.38653320490975845,2823.2
1999-05-15,671.08,0.3805373894553097,2841.96
1999-05-22,611.32,0.3973676859574209,2495.28
1999-05-29,664.6,0.37710451368337056,2834.28
1999-06-05,681.84,0.37543975730714896,2873.2
1999-06-12,564.04,0.3820473988643742,2433.52
1999-06-19,567.2,0.37262248020969824,2450.8
1999-06-26,572.32,0.3866041131732096,2446.56
1999-07-03,657.08,0.37799755361450904,2866.52
1999-07-10,593.72,0.39121543211096205,2515.28
1999-07-17,555.32,0.3889009217828565,2406.8
1999-07-24,596.0,0.3926635996964811,2687.72
1999-07-31,544.12,0.40848438205943866,2370.64
1999-08-07,337.8,0.41768340113893676,954.56
1999-08-14,332.12,0.4192595874276629,938.12
1999-08-21,773.04,0.4048567424470571,6958.16
1999-08-28,774.88,0.4174304731303344,6940.72
1999-09-04,940.4,0.41698116867654816,8144.36
1999-09-11,739.32,0.42436933251872183,6744.44
1999-09-18,722.8,0.40932871221133155,6730.48
1999-09-25,740.44,0.4135293887308081,6765.68
1999-10-02,746.76,0.42738396039844984,6760.6
1999-10-09,953.16,0.42385868743482535,8057.16
1999-10-16,946.36,0.43932196007446966,8012.4
1999-10-23,507.76,0.4287550868606123,2029.72
1999-10-30,580.24,0.42475873770554284,2390.92
1999-11-06,591.08,0.4304425152111899,2399.56
1999-11-13,626.72,0.42912487286122286,2490.32
1999-11-20,651.6,0.4380494713784477,2526.56
1999-11-27,628.32,0.413279570575157,2524.32
1999-12-04,663.96,0.4054700979085255,2593.32
1999-12-11,449.52,0.42813992296774933,1250.28
1999-12-18,531.96,0.43531564782199406,1557.56
1999-12-25,461.52,0.4159275171357467,1293.64
2000-01-01,470.6,0.40984447557276427,1447.2
2000-01-08,490.2,0.4170713446184744,1499.4
2000-01-15,467.8,0.4195723073301271,1432.16
2000-01-22,429.32,0.41883359862561775,1231.84
2000-01-29,598.68,0.40573403907705413,1907.72
2000-02-05,462.84,0.4191759179167638,1415.48
2000-02-12,488.72,0.39476423456568105,1511.88
2000-02-19,476.52,0.3955688585216796,1493.08
2000-02-26,491.72,0.3862596491518827,1519.36
2000-03-04,494.8,0.39352613964226896,1509.12
2000-03-11,412.72,0.41370127647825283,1178.72
2000-03-18,417.44,0.4121935451981662,1175.96
2000-03-25,852.8,0.4004138469068424,7182.56
2000-04-01,780.76,0.41782609148569927,6793.68
2000-04-08,773.28,0.4060046279730682,6792.16
2000-04-15,862.64,0.4012120444007173,7188.52
2000-04-22,865.12,0.40464036561909367,7185.12
2000-04-29,863.88,0.4037068378052337,7189.56
2000-05-06,785.36,0.41480346488777964,6806.8
2000-05-13,808.08,0.4091715953292638,6888.8
2000-05-20,863.52,0.4113125351806029,7125.76
2000-05-27,390.28,0.42299442998671277,1054.04
2000-06-03,392.6,0.4130843157334291,964.28
2000-06-10,380.0,0.39678506595105484,1072.76
2000-06-17,312.44,0.41169576544137776,777.64
2000-06-24,321.44,0.41905321521202304,785.84
2000-07-01,376.36,0.4177559330122865,1036.24
2000-07-08,326.76,0.4265466148843216,801.36
2000-07-15,384.88,0.4292593336386159,1040.44
2000-07-22,369.52,0.41467569140168714,1023.8
2000-07-29,286.88,0.4291978795954467,689.04
2000-08-05,284.96,0.42978849259499063,682.04
2000-08-12,364.64,0.4293308934970518,998.0
2000-08-19,307.8,0.42417590978023384,771.44
2000-08-26,276.8,0.4381493604234558,652.64
2000-09-02,320.32,0.42778655363675466,915.44
2000-09-09,319.44,0.4267956165914573,915.24
2000-09-16,320.28,0.42560079609702794,921.64
2000-09-23,308.24,0.4138858142203776,903.52
2000-09-30,313.72,0.40879691344201674,926.6
2000-10-07,302.4,0.42402097764303087,876.28
2000-10-14,301.36,0.4175222869375328,892.44
2000-10-21,294.84,0.41715094041096973,880.12
2000-10-28,297.56,0.41424985760535193,890.16
2000-11-04,300.0,0.41618886222195633,892.44
2000-11-11,303.64,0.41299109916370563,911.6
2000-11-18,319.0,0.40588803442049176,914.4
2000-11-25,364.4,0.4072704040586734,1169.96
2000-12-02,326.68,0.3932887580561004,946.88
2000-12-09,316.28,0.4044370428981791,903.76
2000-12-16,578.44,0.37641667438184034,1973.44
2000-12-23,589.28,0.3816630806961496,1978.32
2000-12-30,378.76,0.38567503540124937,1207.8
2001-01-06,374.6,0.38477121863981933,1196.28
2001-01-13,520.48,0.3791353826737195,1680.96
2001-01-20,590.24,0.38184168124617296,1978.36
2001-01-27,554.24,0.3837991296529686,1755.12
2001-02-03,593.32,0.3831498589812243,1991.84
2001-02-10,577.8,0.39776835828289914,1811.08
2001-02-17,583.36,0.3951602195744482,1825.76
2001-02-24,563.24,0.3910003166988167,1786.48
2001-03-03,562.68,0.39737794120062636,1783.4
2001-03-10,484.92,0.40689503706270636,1473.04
2001-03-17,429.56,0.41184721101970384,1148.36
2001-03-24,548.56,0.3942634122968888,1640.8
2001-03-31,391.72,0.39497098513292733,1184.04
2001-04-07,1260.96,0.3601466868412656,4399.8
2001-04-14,906.36,0.38175070994083504,2569.48
2001-04-21,1062.92,0.38229086695960574,3020.04
2001-04-28,701.08,0.37899911692738475,1809.32
2001-05-05,747.76,0.37055468720205326,2069.88
2001-05-12,781.04,0.3603777208448702,2240.8
2001-05-19,825.4,0.36176200949117626,2430.84
2001-05-26,839.92,0.3713017430037725,2447.68
2001-06-02,835.4,0.37141038781511154,2433.48
2001-06-09,828.88,0.36955742048391665,2427.0
2001-06-16,770.04,0.38751620084606336,2160.68
2001-06-23,541.4,0.38514191947952575,1680.92
2001-06-30,499.28,0.38165573544324977,1505.64
2001-07-07,615.4,0.3952387046769762,1946.8
2001-07-14,492.88,0.4118158414439133,1386.16
2001-07-21,616.2,0.3933688744428703,2280.2
2001-07-28,604.32,0.40562224244784467,2188.16
2001-08-04,593.76,0.3986926735199592,2338.04
2001-08-11,616.16,0.39317937404876013,2446.28
2001-08-18,649.08,0.3847560083066386,2935.12
2001-08-25,494.36,0.4201404953881823,1543.96
2001-09-01,546.2,0.42679833291340336,2032.12
2001-09-08,718.4,0.38023517033680176,3303.04
2001-09-15,611.52,0.37694225878173937,2819.72
2001-09-22,608.2,0.3780036379963932,2811.76
2001-09-29,418.92,0.3909675127030611,1588.72
2001-10-06,560.12,0.3830705924657634,2506.44
2001-10-13,590.88,0.38242008440681596,2596.24
2001-10-20,995.08,0.38563888269671037,3605.28
2001-10-27,950.8,0.39482714125909224,3176.16
2001-11-03,1061.08,0.40131405688119043,3856.04
2001-11-10,681.4583333333334,0.3867894811645158,2990.25
2001-11-17,680.25,0.3949047357274122,2965.2916666666665
2001-11-24,422.28,0.39541601444348645,1295.96
2001-12-01,544.84,0.3952928847226701,2037.4
2001-12-08,362.24,0.41564642519159867,968.32
2001-12-15,509.16,0.40444715320231106,1674.0
2001-12-22,525.6666666666666,0.4026180366141929,1731.375
2001-12-29,521.875,0.40142427801706587,1727.9583333333333
2002-01-05,505.7916666666667,0.40056903045557063,1685.7083333333333
2002-01-12,331.25,0.4240542878446649,853.2083333333334
2002-01-19,952.625,0.39484515790248836,2821.8333333333335
2002-01-26,933.4583333333334,0.4051812615330055,2726.7916666666665
2002-02-02,894.28,0.40021931826649754,2626.88
2002-02-09,948.375,0.4084171706942839,2751.5833333333335
2002-02-16,946.72,0.3984280155427981,2792.72
2002-02-23,495.44,0.40659808987015744,1643.92
2002-03-02,572.84,0.38258615037993926,2063.48
2002-03-09,1133.0,0.4018129461113707,3877.72
2002-03-16,740.28,0.40385716184663706,3473.08
2002-03-23,821.04,0.3982136238206992,3751.0
2002-03-30,894.76,0.36549037166432297,4407.8
2002-04-06,785.64,0.34919936613834357,3754.12
2002-04-13,831.4,0.3581065349003726,3997.2
2002-04-20,861.88,0.35794535176890546,4052.88
2002-04-27,941.04,0.33523327608059084,4475.96
2002-05-04,882.28,0.3700774445541062,4091.44
2002-05-11,853.2,0.35772305361862633,4010.8
2002-05-18,731.16,0.35100060253697934,2707.84
2002-05-25,503.16,0.3643569420122278,1612.68
2002-06-01,659.6,0.3593386496143406,3172.12
2002-06-08,391.44,0.3477734038346437,1352.84
2002-06-15,448.68,0.3686135341836295,1407.52
2002-06-22,428.84,0.366334360530568,1343.56
2002-06-29,442.88,0.3753210503508236,1356.36
2002-07-06,451.88,0.3857715061558959,1358.68
2002-07-13,460.88,0.38694769097507825,1375.68
2002-07-20,454.96,0.3807128036112799,1373.04
2002-07-27,458.2,0.3840088793121909,1374.2
2002-08-03,453.92,0.3811301761215632,1363.08
2002-08-10,435.68,0.393464134401693,1271.12
2002-08-17,435.88,0.384896573756272,1280.8
2002-08-24,435.28,0.38747675661575487,1270.08
2002-08-31,357.72,0.40410549175102795,859.44
2002-09-07,363.24,0.4008236739098081,877.72
2002-09-14,361.36,0.3996854674626274,875.36
2002-09-21,361.52,0.3992506895679932,876.28
2002-09-28,361.52,0.3992506895679932,876.28
2002-10-05,511.92,0.39359219697846726,1564.44
2002-10-12,370.24,0.40403538129037986,892.12
2002-10-19,366.36,0.40421377096471056,883.48
2002-10-26,358.76,0.39267274673496594,883.24
2002-11-02,306.28,0.378027618384544,832.28
2002-11-09,305.32,0.38958407673751433,808.56
2002-11-16,306.0,0.3889893951432851,812.28
2002-11-23,300.56,0.378252870466349,817.6
2002-11-30,288.64,0.37094950024204687,806.96
2002-12-07,281.76,0.3695440696411369,785.32
2002-12-14,283.48,0.3670556146309427,795.96
2002-12-21,254.44,0.3732318404972342,684.16
2002-12-28,261.44,0.38184202487927954,689.32
2003-01-04,368.2,0.3717054972780286,1157.6
2003-01-11,368.8,0.3702394217120133,1162.48
2003-01-18,258.48,0.37696631029783717,690.68
2003-01-25,570.52,0.36059552814083307,1926.6
2003-02-01,570.2,0.3538868058045997,1946.48
2003-02-08,359.32,0.3522883060661276,1181.2
2003-02-15,368.92,0.36348262391992875,1193.96
2003-02-22,360.04,0.3580430508285006,1176.68
2003-03-01,563.24,0.33765999848257733,1960.68
2003-03-08,350.6,0.3390653724114084,1183.52
2003-03-15,561.8,0.342738211893554,1944.24
2003-03-22,365.88,0.3439138142341976,1223.32
2003-03-29,470.4,0.3463163877775277,1536.12
2003-04-05,468.96,0.3479319030806745,1529.76
2003-04-12,466.28,0.3315619283736899,1551.68
2003-04-19,466.76,0.330796232629139,1554.56
2003-04-26,459.48,0.33323943428550734,1520.48
2003-05-03,452.88,0.3323651362872663,1503.28
2003-05-10,452.36,0.32488594794891557,1516.92
2003-05-17,245.84,0.327505934437791,755.44
2003-05-24,241.04,0.325270104318315,749.48
2003-05-31,246.96,0.32525391877394,765.24
2003-06-07,243.36,0.32334469640140656,758.12
2003-06-14,248.88,0.3228171960418729,779.24
2003-06-21,243.84,0.3181999032439898,778.12
2003-06-28,242.64,0.3246275285525261,764.64
2003-07-05,241.16,0.3261753706324981,757.28
2003-07-12,246.44,0.332532920738888,759.76
2003-07-19,242.68,0.3307098247229556,752.76
2003-07-26,249.48,0.33489923282264406,767.44
2003-08-02,253.08,0.3367157044774589,775.0
2003-08-09,253.08,0.33671570447745885,775.0
2003-08-16,255.64,0.34466148073316666,768.84
2003-08-23,251.64,0.33396888117885143,780.0
2003-08-30,251.0,0.34300826170588705,761.32
2003-09-06,249.92,0.34435015498990446,753.68
2003-09-13,241.32,0.34765627675901506,713.8
2003-09-20,239.8,0.3449799727439686,713.32
2003-09-27,244.4,0.35916308585697104,699.84
2003-10-04,244.92,0.35445351923997104,709.12
2003-10-11,249.92,0.3548690963033818,724.56
2003-10-18,250.76,0.3646350237744811,703.28
2003-10-25,251.68,0.3558260488889006,728.4
2003-11-01,253.88,0.35484336949688916,737.08
2003-11-08,253.88,0.35484336949688916,737.08
2003-11-15,256.0,0.34519474658108346,760.4
2003-11-22,255.28,0.3509466275485453,750.16
2003-11-29,255.0,0.34949246224242864,753.0
2003-12-06,254.2,0.34920299147714945,752.24
2003-12-13,252.8,0.34165698316970716,762.4
2003-12-20,252.0,0.34188712637487656,758.88
2003-12-27,254.12,0.3422194257278309,762.12
2004-01-03,250.44,0.35550478595752777,721.2
2004-01-10,250.96,0.35366564280317936,725.96
2004-01-17,250.96,0.3536656428031795,725.96
2004-01-24,241.0,0.3480121626760245,711.4
2004-01-31,241.64,0.3526480435794819,706.68
2004-02-07,241.64,0.3526480435794819,706.68
2004-02-14,241.0,0.3539456377840948,703.24
2004-02-21,246.4,0.3579400692514302,708.84
2004-02-28,241.04,0.3392244664464439,733.88
2004-03-06,228.96,0.3415076701686883,700.16
2004-03-13,235.28,0.33644081134538006,731.84
2004-03-20,233.16,0.3367562345402481,722.36
2004-03-27,235.0,0.3358357380934238,731.36
2004-04-03,235.0,0.33583573809342376,731.36
2004-04-10,229.68,0.3332156881812537,720.24
2004-04-17,228.52,0.3301549215726125,722.28
2004-04-24,228.4,0.32102106472011066,736.48
2004-05-01,228.52,0.3222512139766925,734.92
2004-05-08,226.88,0.3230284086132011,734.68
2004-05-15,222.76,0.3226753684142045,724.08
2004-05-22,219.84,0.31784894468725505,723.84
2004-05-29,222.4,0.3203966143484066,730.44
2004-06-05,227.52,0.3260272998125393,735.48
2004-06-12,225.0,0.32515502322041834,728.4
2004-06-19,226.8,0.3257998855082816,729.04
2004-06-26,229.56,0.3312840669169797,724.32
2004-07-03,227.28,0.32114968672673355,738.36
2004-07-10,229.4,0.3291490810790691,726.64
2004-07-17,227.36,0.3216891282239449,734.76
2004-07-24,227.04,0.3209509237121555,735.48
2004-07-31,227.52,0.3262905969568963,724.2
2004-08-07,231.88,0.33708809468330664,712.12
2004-08-14,295.76,0.3358336796676901,997.84
2004-08-21,290.6,0.3352663025945092,983.36
2004-08-28,294.36,0.3371065047667068,990.92
2004-09-04,294.48,0.34618107056610326,971.64
2004-09-11,290.84,0.3542369157517623,948.08
2004-09-18,291.96,0.3457255817867836,966.88
2004-09-25,287.24,0.36204377994092884,946.52
2004-10-02,291.64,0.36432213139054914,954.8
2004-10-09,287.24,0.367551722837204,936.12
2004-10-16,290.32,0.3659299343330151,952.0
2004-10-23,284.24,0.3576799032870632,948.08
2004-10-30,216.08,0.3621473407815343,649.2
2004-11-06,214.76,0.3552286445212341,661.8
2004-11-13,215.76,0.3527212184233787,672.2
2004-11-20,226.96,0.35826471667668747,691.28
2004-11-27,218.56,0.3644817656552408,662.08
2004-12-04,226.8,0.37828876271245504,654.04
2004-12-11,229.48,0.37396000533268975,665.64
2004-12-18,228.24,0.3721902152380266,666.08
2004-12-25,226.0,0.36884343501988825,665.44
2005-01-01,225.72,0.35755893267458516,679.88
2005-01-08,221.4,0.3624742154600653,663.6
2005-01-15,224.44,0.3577805091663589,675.2
2005-01-22,215.8,0.35104991228639015,667.28
2005-01-29,218.32,0.34942363401155324,677.96
2005-02-05,222.2,0.35105370121318663,684.32
2005-02-12,226.8,0.3560346484097028,689.92
2005-02-19,232.2,0.3563623221435154,702.04
2005-02-26,222.92,0.36561698444207963,661.2
2005-03-05,222.32,0.3591384849878658,672.52
2005-03-12,228.76,0.3527534743059558,707.64
2005-03-19,228.76,0.3527534743059558,707.64
2005-03-26,237.4,0.3702689871608628,696.24
2005-04-02,233.64,0.3645131812852178,695.08
2005-04-09,230.92,0.36231635051454036,692.28
2005-04-16,235.48,0.36984470596446434,687.24
2005-04-23,230.52,0.3649301209165296,681.84
2005-04-30,221.32,0.3732700497208326,632.04
2005-05-07,214.6,0.36901483364847104,621.72
2005-05-14,220.0,0.3727526300222507,629.88
2005-05-21,220.0,0.3727526300222507,629.88
2005-05-28,217.36,0.35559030980104417,661.52
2005-06-04,222.04,0.3567481571821186,672.0
2005-06-11,227.44,0.364558671498865,670.16
2005-06-18,221.24,0.35018518503679014,675.24
2005-06-25,226.68,0.33362625554631137,693.08
2005-07-02,221.4,0.32875868448687984,686.04
2005-07-09,219.2,0.32906521696839275,680.04
2005-07-16,225.56,0.3325197579290986,693.84
2005-07-23,222.52,0.34038713424425987,668.88
2005-07-30,233.08,0.3404928316545152,694.32
2005-08-06,225.76,0.3344887139216473,686.84
2005-08-13,225.76,0.3344887139216474,686.84
2005-08-20,231.24,0.33573347643808615,699.4
2005-08-27,230.0,0.32860290837169875,709.48
2005-09-03,225.8,0.32898738924601567,699.0
2005-09-10,215.0,0.31656242732353523,690.12
2005-09-17,219.84,0.3269126151921632,686.84
2005-09-24,222.2,0.3284879619987585,689.12
2005-10-01,227.2,0.3425246593168063,683.44
2005-10-08,225.84,0.33824579874709115,686.92
2005-10-15,223.68,0.34265647786058573,666.2
2005-10-22,226.28,0.3460519387455864,666.72
2005-10-29,234.92,0.34657467434197253,687.76
2005-11-05,227.24,0.3494773798564005,664.08
2005-11-12,227.88,0.34755498632169546,670.44
2005-11-19,230.76,0.3522237998042836,668.56
2005-11-26,248.76,0.3580543247371676,694.96
2005-12-03,247.8,0.3652235296556378,679.04
2005-12-10,248.88,0.36513917654172057,684.04
2005-12-17,254.04,0.3747195232361439,681.08
2005-12-24,255.12,0.3719521650978412,688.2
2005-12-31,252.72,0.3789884834635999,673.96
2006-01-07,256.48,0.37793792454656566,686.2
2006-01-14,255.76,0.3830568292416383,672.24
2006-01-21,259.24,0.39041143104998527,668.28
2006-01-28,261.92,0.38505638663219643,687.4
2006-02-04,252.92,0.3851325409512926,660.96
2006-02-11,257.96,0.38299031483787965,676.88
2006-02-18,258.52,0.3810656132768145,681.28
2006-02-25,253.24,0.37679988625914435,676.08
2006-03-04,245.64,0.36597916625530486,676.88
2006-03-11,267.72,0.36761213621282723,746.36
2006-03-18,240.68,0.3593257082592431,697.8
2006-03-25,242.28,0.35508696741461165,705.4
2006-04-01,241.76,0.3547498326595057,704.72
2006-04-08,238.52,0.3523807380663243,700.8
2006-04-15,245.96,0.3487494220656616,724.32
2006-04-22,248.16,0.34554528449283134,741.76
2006-04-29,251.92,0.34243143517952107,753.48
2006-05-06,249.8,0.3378453396500293,756.16
2006-05-13,242.64,0.33207441413198807,753.96
2006-05-20,247.6,0.328792182883278,773.16
2006-05-27,244.32,0.33053642466536126,759.84
2006-06-03,242.24,0.32689675137502755,764.8
2006-06-10,239.52,0.33194469271738514,751.76
2006-06-17,242.32,0.32339112920177565,771.2
2006-06-24,245.36,0.33471255315234494,761.68
2006-07-01,247.64,0.34031414672511123,757.84
2006-07-08,249.24,0.33365716896043923,771.0
2006-07-15,246.04,0.3368932490912998,754.48
2006-07-22,245.24,0.3299765901088232,766.76
2006-07-29,240.4,0.3331870688883669,751.88
2006-08-05,234.24,0.32480579388113656,751.76
2006-08-12,235.04,0.3175595373520163,764.68
2006-08-19,235.48,0.31935139712060934,763.2
2006-08-26,234.12,0.31684951243933007,765.12
2006-09-02,232.6,0.32035356007081284,752.36
2006-09-09,232.6,0.32035356007081284,752.36
2006-09-16,234.4,0.3310132448595597,736.08
2006-09-23,211.76,0.3249554183962217,672.88
2006-09-30,209.6,0.3352680356582426,648.76
2006-10-07,211.56,0.3276744527705421,669.16
2006-10-14,211.24,0.33826120269245147,647.08
2006-10-21,212.2,0.3341532289205182,656.96
2006-10-28,210.84,0.32545366475817117,666.04
2006-11-04,214.48,0.3248529232856178,675.2
2006-11-11,217.6,0.3277951547004892,681.56
2006-11-18,217.32,0.3263372833035934,683.48
2006-11-25,219.48,0.330477937753757,680.28
2006-12-02,219.2,0.32888130778060204,683.72
2006-12-09,213.0,0.3287633966765267,664.76
2006-12-16,212.84,0.3350369029475537,654.32
2006-12-23,209.36,0.3275295958552881,660.48
2006-12-30,215.2,0.3323049380161872,668.12
2007-01-06,220.0,0.3186731287709884,716.92
2007-01-13,223.44,0.3216282995105903,721.44
2007-01-20,221.2,0.3179629295206432,722.12
2007-01-27,222.44,0.3159424627535046,726.48
2007-02-03,222.44,0.3159424627535046,726.48
2007-02-10,222.68,0.31713827277268414,722.88
2007-02-17,216.16,0.31191624498061005,714.36
2007-02-24,223.52,0.31549136540341255,730.48
2007-03-03,225.32,0.30917655840351743,749.36
2007-03-10,221.12,0.3104355713204251,732.88
2007-03-17,221.96,0.31264507215126874,731.04
2007-03-24,228.6,0.3076015767591589,758.44
2007-03-31,235.28,0.32877449853690166,738.56
2007-04-07,220.8,0.3276870771517359,698.04
2007-04-14,222.84,0.32866688433667585,702.8
2007-04-21,220.16,0.3251513908211823,700.8
2007-04-28,212.12,0.3228369519405728,679.88
2007-05-05,212.16,0.32102068533605177,683.36
2007-05-12,207.52,0.31193030901326546,686.64
2007-05-19,204.52,0.31993030901326536,663.6
2007-05-26,206.56,0.32447472643403735,667.12
2007-06-02,284.52,0.3242367999609772,979.2
2007-06-09,285.72,0.32097297543209236,987.04
2007-06-16,292.16,0.3232568511079474,1002.36
2007-06-23,288.68,0.3206701665341549,997.4
2007-06-30,293.28,0.3279114274989566,997.52
2007-07-07,293.76,0.3262704795220411,1000.96
2007-07-14,287.12,0.3178372525334882,1000.16
2007-07-21,290.68,0.31156538684925406,1016.36
2007-07-28,282.32,0.29633431568425467,1026.88
2007-08-04,281.76,0.29923775842979977,1015.08
2007-08-11,284.72,0.314846422277984,996.2
2007-08-18,201.72,0.3134027717363865,671.48
2007-08-25,201.72,0.31340277173638653,671.48
2007-09-01,203.88,0.31430866638104726,676.52
2007-09-08,200.76,0.311706942850025,672.44
2007-09-15,199.44,0.303360260794694,687.92
2007-09-22,201.2,0.30664989235878215,683.28
2007-09-29,201.92,0.3004936917268706,693.24
2007-10-06,207.76,0.31182122573437926,688.64
2007-10-13,207.76,0.31182122573437926,688.64
2007-10-20,205.8,0.3111862386879986,682.08
2007-10-27,200.32,0.3002825577658625,681.0
2007-11-03,200.32,0.30028255776586243,681.0
2007-11-10,198.92,0.29763821217404834,681.52
2007-11-17,196.88,0.3011201533212506,671.88
2007-11-24,196.88,0.30112015332125064,671.88
2007-12-01,206.16,0.3153567782305804,670.24
2007-12-08,202.56,0.3248724008338864,647.16
2007-12-15,202.92,0.3250123227270491,648.12
2007-12-22,200.64,0.3447737398334978,601.88
2007-12-29,189.72,0.32994368755654313,598.76
2008-01-05,188.64,0.32493159818478423,603.48
2008-01-12,186.0,0.32377740752579515,597.92
2008-01-19,192.24,0.3330991002039172,600.28
2008-01-26,191.52,0.32840720517709393,606.0
2008-02-02,193.16,0.32668971485480514,614.2
2008-02-09,197.28,0.32702633480127097,625.6
2008-02-16,199.68,0.33196260010013845,622.8
2008-02-23,197.96,0.337448611460807,608.84
2008-03-01,195.64,0.3285519694723936,616.56
2008-03-08,193.84,0.3295944069075081,606.48
2008-03-15,191.96,0.33056117264795637,598.88
2008-03-22,202.92,0.3418434245307788,608.96
2008-03-29,201.6,0.3428297882347241,602.0
2008-04-05,200.4,0.33485754818569874,612.12
2008-04-12,200.4,0.33485754818569874,612.12
2008-04-19,201.36,0.3257199218945784,634.76
2008-04-26,203.6,0.32139281563198824,649.0
2008-05-03,207.28,0.3249507105699182,657.52
2008-05-10,205.12,0.3347112319714707,636.12
2008-05-17,205.24,0.34292369856447563,622.16
2008-05-24,206.72,0.33534281052600057,639.16
2008-05-31,210.52,0.33309272071050344,653.64
2008-06-07,212.24,0.33077859903372847,661.4
2008-06-14,212.48,0.3363205410371831,655.72
2008-06-21,213.16,0.3294294720912472,665.28
2008-06-28,209.24,0.3383119430184596,635.28
2008-07-05,212.8,0.341761596318926,639.0
2008-07-12,204.92,0.33542222739555877,624.52
2008-07-19,210.16,0.34004709246560366,632.16
2008-07-26,207.0,0.3335967018403884,633.84
2008-08-02,211.84,0.32937847987366586,655.52
2008-08-09,209.08,0.32697059415335594,651.12
2008-08-16,214.68,0.31825720114342887,682.04
2008-08-23,214.68,0.31825720114342887,682.04
2008-08-30,216.64,0.3156603345971073,693.28
2008-09-06,219.0,0.3090840305311959,720.32
2008-09-13,218.6,0.3036785709231094,727.8
2008-09-20,213.16,0.2964267752499291,727.72
2008-09-27,215.72,0.3044876035501879,722.92
2008-10-04,215.52,0.2999620093253228,734.24
2008-10-11,215.84,0.3001128494544893,735.4
2008-10-18,216.04,0.299711408558611,736.6
2008-10-25,216.04,0.299711408558611,736.6
2008-11-01,218.48,0.30284393305888563,733.68
2008-11-08,210.48,0.2967728442726084,728.64
2008-11-15,213.04,0.2994214582491571,735.08
2008-11-22,212.56,0.30654152323618855,724.16
2008-11-29,217.8,0.31074580834968635,729.12
2008-12-06,210.72,0.3115397947250681,706.72
2008-12-13,210.72,0.3115397947250681,706.72
2008-12-20,213.72,0.3306011704759988,680.52
2008-12-27,210.28,0.32762032665482893,676.24
2009-01-03,215.24,0.32980040328318133,686.0
2009-01-10,210.48,0.33917970326478647,656.52
2009-01-17,205.48,0.33424821420705547,657.24
2009-01-24,206.4,0.3239224224434631,674.48
2009-01-31,213.72,0.34002258683126485,666.24
2009-02-07,205.92,0.33411963141837053,650.92
2009-02-14,201.4,0.3483587336176201,615.16
2009-02-21,201.12,0.3309357408802846,636.92
2009-02-28,201.84,0.32828283082737447,643.76
2009-03-07,199.32,0.331345528765496,629.68
2009-03-14,199.76,0.32079568079951926,643.32
2009-03-21,196.4,0.3282947872879932,615.04
2009-03-28,190.16,0.32181542585073886,606.16
2009-04-04,194.76,0.3192526595702702,622.8
2009-04-11,191.8,0.31702528634821275,617.12
2009-04-18,194.32,0.31101947309997047,632.48
2009-04-25,191.08,0.33664908483795275,614.04
2009-05-02,199.08,0.33835165901020686,631.6
2009-05-09,197.44,0.3297381270876994,646.8
2009-05-16,197.44,0.3297381270876995,646.8
2009-05-23,196.8,0.33452896570669405,633.44
2009-05-30,194.12,0.33850416686467055,617.36
2009-06-06,192.04,0.33828025115639465,613.48
2009-06-13,191.92,0.33724037447252614,615.44
2009-06-20,191.92,0.33724037447252614,615.44
2009-06-27,195.16,0.3455222848926766,612.24
2009-07-04,194.52,0.33734076200708896,627.76
2009-07-11,193.52,0.33437860917908213,629.12
2009-07-18,197.24,0.33647621745316103,638.32
2009-07-25,196.0,0.3356061214210014,636.2
2009-08-01,196.0,0.3356061214210013,636.2
2009-08-08,204.32,0.35348539626432157,633.24
2009-08-15,205.64,0.3575403715163192,627.96
2009-08-22,211.96,0.3487402154019733,630.44
2009-08-29,209.28,0.3465400773757484,625.48
2009-09-05,212.64,0.3378712874745463,644.64
2009-09-12,222.24,0.34034618737287303,667.28
2009-09-19,233.8,0.33648718597193045,712.4
2009-09-26,246.48,0.348118682668177,716.48
2009-10-03,248.52,0.34919956993617324,722.24
2009-10-10,251.2,0.3550918080817849,722.2
2009-10-17,258.48,0.35674985197275794,743.08
2009-10-24,278.0,0.36180602400074924,773.04
2009-10-31,257.44,0.35032948131339514,748.12
2009-11-07,265.32,0.3495833859652337,772.4
2009-11-14,330.32,0.3485420275399834,1031.24
2009-11-21,323.92,0.3461836155074283,1013.36
2009-11-28,321.32,0.3417418975468969,1013.0
2009-12-05,322.12,0.3498271936541472,1000.0
2009-12-12,325.28,0.3525983689041001,1005.04
2009-12-19,326.2,0.3555251450982031,1001.72
2009-12-26,325.8,0.34442551103880104,1022.6
2010-01-02,320.88,0.343449726784501,1010.56
2010-01-09,319.76,0.3343704405124592,1023.72
2010-01-16,302.4,0.33578904415575694,969.8
2010-01-23,300.52,0.34143190626176834,955.44
2010-01-30,294.04,0.34293357778643496,932.16
2010-02-06,298.52,0.3374626813811903,954.76
2010-02-13,297.76,0.3491221667762114,932.96
2010-02-20,297.92,0.3454059445705734,940.0
2010-02-27,298.64,0.35452636343243016,919.24
2010-03-06,296.32,0.3596938275472627,907.08
2010-03-13,298.08,0.3590499522362042,913.64
2010-03-20,303.8,0.3575144865219783,934.48
2010-03-27,306.04,0.36429729720722803,927.72
2010-04-03,306.04,0.36429729720722803,927.72
2010-04-10,309.24,0.3706854147167281,924.44
2010-04-17,312.96,0.385715420371263,917.08
2010-04-24,300.52,0.37453329797207424,897.36
2010-05-01,306.36,0.3866012181579592,888.4
2010-05-08,307.44,0.3798830678689418,903.0
2010-05-15,303.44,0.371975242753715,902.4
2010-05-22,303.44,0.3656689362817328,917.08
2010-05-29,287.6,0.35831384116776255,895.96
2010-06-05,281.56,0.35847551205887007,876.2
2010-06-12,279.16,0.35380848502351037,881.12
2010-06-19,287.32,0.34957381061529885,912.96
2010-06-26,220.76,0.3553752235552392,637.96
2010-07-03,215.0,0.34119151578878,643.84
2010-07-10,219.24,0.33711534591944664,660.48
2010-07-17,219.24,0.3371153459194467,660.48
2010-07-24,215.2,0.3361294098261141,650.12
2010-07-31,212.56,0.331929379146562,648.6
2010-08-07,216.92,0.330258362103322,664.96
2010-08-14,213.2,0.3216271025042598,666.36
2010-08-21,213.2,0.3216271025042598,666.36
2010-08-28,213.84,0.3208949606448384,669.08
2010-09-04,208.4,0.3260180342401041,652.64
2010-09-11,209.24,0.331057732597593,643.44
2010-09-18,207.16,0.32733079825055883,643.32
2010-09-25,207.36,0.3292003621521416,639.28
2010-10-02,204.2,0.32587341590531715,635.64
2010-10-09,213.16,0.3335410726802122,648.32
2010-10-16,210.64,0.3219563761914113,656.2
2010-10-23,216.16,0.32476542842271106,668.8
2010-10-30,220.08,0.31528753719248315,700.88
2010-11-06,224.92,0.3152524458284096,708.84
2010-11-13,226.8,0.3159007041236288,713.8
2010-11-20,240.12,0.32045453604544866,741.56
2010-11-27,223.8,0.31324138012891356,710.72
2010-12-04,231.44,0.32035888154176967,720.28
2010-12-11,229.88,0.32007511131992145,717.84
2010-12-18,232.72,0.33156513587351255,710.92
2010-12-25,226.64,0.33148252448538434,696.56
2011-01-01,224.88,0.33425594584214285,685.16
2011-01-08,224.88,0.33425594584214297,685.16
2011-01-15,224.08,0.33487088691667966,681.16
2011-01-22,222.48,0.3351591265158465,674.32
2011-01-29,222.56,0.3385549615017211,669.64
2011-02-05,204.68,0.34898812878026964,599.84
2011-02-12,209.52,0.3464609549063835,619.36
2011-02-19,209.36,0.3408622560534474,627.88
2011-02-26,210.6,0.34045106176120277,630.76
2011-03-05,218.52,0.34118842440865665,650.4
2011-03-12,215.2,0.34583925228214163,632.76
2011-03-19,217.8,0.33719529293875083,652.32
2011-03-26,224.68,0.3530623648739079,645.12
2011-04-02,228.56,0.35358202803679084,658.32
2011-04-09,226.88,0.34446212763882733,672.44
2011-04-16,224.12,0.3415959118583548,670.32
2011-04-23,225.76,0.35010974657318533,661.2
2011-04-30,231.16,0.34664852318187045,679.68
2011-05-07,224.76,0.34568579556222667,662.64
2011-05-14,228.64,0.34663458360669536,671.52
2011-05-21,218.76,0.3404417878382393,653.48
2011-05-28,309.48,0.3360592703555021,1029.76
2011-06-04,308.0,0.3248128063694499,1043.72
2011-06-11,308.0,0.3248128063694499,1043.72
2011-06-18,305.12,0.32111448551626187,1041.36
2011-06-25,304.84,0.32281941765228955,1041.08
2011-07-02,296.68,0.31535610741189013,1033.88
2011-07-09,294.56,0.3114398286093571,1032.72
2011-07-16,299.92,0.3117189560747502,1052.28
2011-07-23,298.48,0.3008752447700832,1059.04
2011-07-30,299.16,0.2998770032455259,1063.52
2011-08-06,209.28,0.3131983719214217,679.44
2011-08-13,209.92,0.3102568377494773,686.56
2011-08-20,208.8,0.31544754933100105,671.4
2011-08-27,217.24,0.32195266212030965,682.12
2011-09-03,227.44,0.32739120716251463,699.2
2011-09-10,241.16,0.3381301063483111,708.96
2011-09-17,235.44,0.3429023852262538,689.52
2011-09-24,230.44,0.33607230040136704,688.96
2011-10-01,223.84,0.3340807756388275,672.96
2011-10-08,223.84,0.3387807295487983,663.4
2011-10-15,220.36,0.3449776565882498,639.6
2011-10-22,227.16,0.3453089909071474,656.8
2011-10-29,224.16,0.3438237236978599,650.04
2011-11-05,234.52,0.3447614448493595,676.96
2011-11-12,237.0,0.3510294153417252,668.96
2011-11-19,237.84,0.35546671090010434,665.16
2011-11-26,239.84,0.35813010389231736,666.16
2011-12-03,264.28,0.3796975593532836,685.16
2011-12-10,258.44,0.3782002331500749,672.68
2011-12-17,261.64,0.3742025293799668,689.8
2011-12-24,250.36,0.3627949990680835,674.68
2011-12-31,242.32,0.3701091623068345,639.72
2012-01-07,242.64,0.3689662404238685,642.88
2012-01-14,245.48,0.37151357296531357,646.56
2012-01-21,245.48,0.370423834933481,648.68
2012-01-28,241.52,0.3754153221315806,633.32
2012-02-04,244.56,0.36670182654860445,651.12
2012-02-11,237.92,0.3682394050519284,630.52
2012-02-18,236.04,0.36455086220351796,633.64
2012-02-25,218.28,0.3533599181538441,616.52
2012-03-03,220.72,0.3665830231674947,607.56
2012-03-10,223.4,0.36399502827605157,620.88
2012-03-17,223.56,0.35062424847270834,641.44
2012-03-24,221.84,0.3555905832285168,630.0
2012-03-31,223.36,0.35507524492370474,634.6
2012-04-07,219.6,0.36261015856026935,616.0
2012-04-14,218.56,0.3607577798657855,616.72
2012-04-21,216.92,0.3546008410191915,621.28
2012-04-28,234.52,0.3530550707867793,661.04
2012-05-05,229.88,0.36450889807600234,628.48
2012-05-12,228.76,0.3596933158132589,635.4
2012-05-19,213.96,0.3512186985618549,619.48
2012-05-26,213.32,0.34992837686047584,625.76
2012-06-02,229.4,0.35414348996002254,652.4
2012-06-09,229.16,0.35007209641290077,657.32
2012-06-16,228.08,0.36289648424099746,631.56
2012-06-23,210.88,0.35409246246264764,611.52
2012-06-30,210.52,0.3534941338010282,611.6
2012-07-07,224.76,0.35825704244067774,639.68
2012-07-14,249.04,0.3750358067079736,664.76
2012-07-21,249.04,0.3750358067079736,664.76
2012-07-28,228.36,0.3632994306767937,639.08
2012-08-04,230.28,0.3718890845909818,629.44
2012-08-11,231.8,0.3667405170184923,646.16
2012-08-18,236.56,0.3583031369956192,678.76
2012-08-25,233.6,0.3473802115682294,684.24
2012-09-01,235.96,0.347656249538521,689.72
2012-09-08,239.16,0.34799345309583307,700.2
2012-09-15,240.4,0.36172268085731896,676.56
2012-09-22,242.56,0.362094914603682,680.92
2012-09-29,250.92,0.3690816285627938,690.04
2012-10-06,250.2,0.37457490221567474,681.12
2012-10-13,264.24,0.38496311570284175,686.52
2012-10-20,261.0,0.37126373879899516,698.36
2012-10-27,259.24,0.3682653331219661,698.68
2012-11-03,246.88,0.36365170916351475,674.84
2012-11-10,265.88,0.3765387541032079,699.96
2012-11-17,299.6,0.3698681625765283,819.0
2012-11-24,298.04,0.373143365222265,805.2
2012-12-01,299.0,0.37141823664671547,811.68
2012-12-08,299.28,0.370217761787828,816.84
2012-12-15,301.48,0.3726359803671661,813.88
2012-12-22,302.24,0.3726889717167517,816.6
2012-12-29,299.08,0.37138690431532173,814.84
2013-01-05,298.44,0.3742995968140798,807.2
2013-01-12,298.44,0.37429959681407987,807.2
2013-01-19,296.48,0.3744511777951041,806.2
2013-01-26,309.6,0.3859658751663308,815.16
2013-02-02,314.68,0.3742413857034196,875.08
2013-02-09,297.04,0.34772667813128477,879.28
2013-02-16,297.84,0.34918952416065546,875.24
2013-02-23,275.4,0.3330230526493089,851.48
2013-03-02,330.32,0.33553255436648255,1001.92
2013-03-09,330.88,0.33515402397056837,1004.0
2013-03-16,338.2,0.3421716348653194,1006.08
2013-03-23,339.76,0.37124022306900734,981.76
2013-03-30,339.44,0.3719833426695214,977.0
2013-04-06,342.24,0.3736971958197745,983.2
2013-04-13,345.0,0.3607915369563615,996.44
2013-04-20,347.28,0.3675737856643038,992.08
2013-04-27,374.36,0.37178626213376526,1090.48
2013-05-04,374.08,0.38596854548929826,1082.24
2013-05-11,379.84,0.3779427033575737,1111.2
2013-05-18,378.72,0.3703649997870626,1120.08
2013-05-25,374.6,0.36984149551355827,1109.52
2013-06-01,378.48,0.35725805451086257,1123.8
2013-06-08,373.84,0.3788685205307499,1079.32
2013-06-15,374.72,0.3725130560929641,1091.6
2013-06-22,367.68,0.35772010522329206,1098.92
2013-06-29,367.36,0.3540262676637003,1104.24
2013-07-06,315.16,0.3389558679851789,979.2
2013-07-13,345.4,0.3358153914223398,1097.56
2013-07-20,314.0,0.3485584326244745,966.84
2013-07-27,258.92,0.3365954287507991,833.76
2013-08-03,249.72,0.3348182246305691,817.8
2013-08-10,270.92,0.3323922595957151,880.24
2013-08-17,270.88,0.33383691854037406,876.04
2013-08-24,274.52,0.32097554097301384,919.92
2013-08-31,278.72,0.3265512917503448,923.52
2013-09-07,278.84,0.330702112939334,917.12
2013-09-14,281.4,0.3334483864286784,916.0
2013-09-21,290.68,0.33829551285542403,924.48
2013-09-28,340.2,0.3278569140269472,1087.12
2013-10-05,290.28,0.34120292141779396,935.48
2013-10-12,331.88,0.3483968143280546,996.2
2013-10-19,339.44,0.35083979339742905,1014.44
2013-10-26,333.52,0.3441070475746665,1006.0
2013-11-02,340.28,0.3419324727111718,1030.84
2013-11-09,360.72,0.36315790469452125,1041.0
2013-11-16,358.2,0.3665137388314546,1034.52
2013-11-23,388.24,0.36036592585488525,1126.72
2013-11-30,369.12,0.36399493782160997,1076.64
2013-12-07,371.68,0.3613701377898243,1082.0
2013-12-14,372.28,0.3736030570444825,1068.92
2013-12-21,353.44,0.36628383915494767,1042.28
2013-12-28,351.56,0.36974199032729743,1027.8
2014-01-04,316.6,0.38609629974458215,886.36
2014-01-11,332.4,0.3764758855274682,929.84
2014-01-18,317.48,0.38033316252277344,892.36
2014-01-25,324.32,0.37642586495279984,914.64
2014-02-01,321.64,0.3773303506919607,898.96
2014-02-08,321.04,0.36677581397098274,909.8
2014-02-15,319.92,0.3689813672172217,902.72
2014-02-22,320.0,0.3574859294835381,920.32
2014-03-01,306.28,0.36804921299259663,874.88
2014-03-08,310.16,0.36381205178695825,881.48
2014-03-15,312.88,0.35243617569756824,902.0
2014-03-22,373.84,0.3760026107426006,1101.4
2014-03-29,356.52,0.38400986944929505,984.24
2014-04-05,290.48,0.3844810535594694,745.64
2014-04-12,282.6,0.3997848499227352,702.84
2014-04-19,282.08,0.39292316264066607,708.4
2014-04-26,279.08,0.3816884800483193,713.96
2014-05-03,260.88,0.3804166006968962,669.68
2014-05-10,260.92,0.380270897174152,668.48
2014-05-17,261.2,0.36909472105898794,691.04
2014-05-24,262.96,0.37039979200851036,692.8
2014-05-31,252.84,0.37249677945541565,669.28
2014-06-07,244.84,0.36948511441210713,649.36
2014-06-14,247.12,0.36532713765035885,651.44
2014-06-21,232.36,0.36090146970445613,610.24
2014-06-28,234.56,0.3566539984525236,637.04
2014-07-05,184.32,0.3448618492538192,566.76
2014-07-12,189.92,0.3543913488877062,563.04
2014-07-19,262.28,0.3576357326268973,808.84
2014-07-26,243.72,0.3515922549486074,772.8
2014-08-02,248.24,0.3494299593066001,790.32
2014-08-09,242.88,0.3417166103604643,785.4
2014-08-16,235.32,0.34034869047256905,770.36
2014-08-23,241.12,0.3511522609315502,774.52
2014-08-30,235.32,0.3441538925620604,766.4
2014-09-06,239.16,0.3429657737501791,778.52
2014-09-13,256.88,0.35193839126341303,815.28
2014-09-20,249.72,0.34616636129439693,802.64
2014-09-27,248.72,0.3353057083367573,816.32
2014-10-04,250.64,0.33587343862287944,822.76
2014-10-11,259.04,0.35480943213518484,819.64
2014-10-18,251.64,0.35638869055381034,797.04
2014-10-25,258.56,0.36552856872099376,807.88
2014-11-01,248.28,0.36223355303779037,780.88
2014-11-08,248.04,0.3617398324282401,779.0
2014-11-15,257.28,0.3382377017942483,825.0
2014-11-22,257.28,0.3382377017942483,825.0
2014-11-29,272.28,0.34011359654484896,857.84
2014-12-06,251.28,0.33340072749864436,811.04
2014-12-13,255.52,0.33491492328449474,819.72
2014-12-20,258.52,0.3372998344182394,824.64
2014-12-27,263.92,0.34338372320773963,829.52
2015-01-03,262.44,0.34501137873997834,823.32
2015-01-10,258.44,0.3491609803676289,804.48
2015-01-17,201.28,0.3431420024933135,596.52
2015-01-24,333.24,0.33848416788098135,1095.44
2015-01-31,213.44,0.3444035922792294,621.68
2015-02-07,200.44,0.3439734537262195,594.8
2015-02-14,203.76,0.33529059416695434,614.12
2015-02-21,237.96,0.33971054384755717,711.12
2015-02-28,258.32,0.35798039310366975,722.0
2015-03-07,251.2,0.3583329843603486,705.24
2015-03-14,257.04,0.36274133367202266,710.92
2015-03-21,234.88,0.3707086764133423,679.84
2015-03-28,221.76,0.3846972254713004,638.04
2015-04-04,245.16,0.41260582757110226,657.44
2015-04-11,206.24,0.3869504646014265,624.4
2015-04-18,214.84,0.3614683825518074,656.84
2015-04-25,222.16,0.3690917891066464,667.8
2015-05-02,220.52,0.3737321619822349,657.36
2015-05-09,221.56,0.3715594413312518,665.76
2015-05-16,213.84,0.3627481729609929,659.28
2015-05-23,209.16,0.35929491573250205,651.4
2015-05-30,215.44,0.38465671489264763,645.16
2015-06-06,221.4,0.3891419695584961,655.96
2015-06-13,219.56,0.38862338847741495,651.96
2015-06-20,229.68,0.3928044859300715,673.12
2015-06-27,229.04,0.4045558839658777,649.08
2015-07-04,218.52,0.40845158955335487,628.24
2015-07-11,223.8,0.38388924821530274,650.04
2015-07-18,225.24,0.39193074418595614,644.88
2015-07-25,231.0,0.38265035200035846,674.52
2015-08-01,243.48,0.39540975209871293,686.16
2015-08-08,258.2,0.39586295682480865,707.68
2015-08-15,207.28,0.391452802313265,581.92
2015-08-22,200.4,0.40334017769327113,536.32
2015-08-29,199.32,0.39761313091866596,544.88
2015-09-05,219.48,0.3994581354763638,590.48
2015-09-12,227.88,0.3875919860456387,612.4
2015-09-19,208.52,0.38333866552634727,571.88
2015-09-26,198.64,0.37882236260795266,553.88
2015-10-03,192.48,0.3884425386619387,538.32
2015-10-10,182.4,0.32829214980772015,573.28
2015-10-17,170.52,0.3067757780190524,557.4
2015-10-24,173.72,0.3125855119270716,558.28
2015-10-31,185.92,0.31703706660965286,582.96
2015-11-07,176.8,0.3294731384742961,560.0
2015-11-14,185.52,0.3306818138048935,582.88
2015-11-21,211.92,0.32162539204237556,634.88
2015-11-28,213.96,0.31291646854991734,651.84
2015-12-05,203.32,0.31635904397061504,618.32
2015-12-12,208.36,0.31617591335540235,639.04
2015-12-19,211.36,0.3240815176969896,629.36
2015-12-26,225.12,0.33510017420356925,651.96
2016-01-02,224.88,0.3346130931232594,652.16
2016-01-09,225.36,0.3335847663775413,654.88
2016-01-16,220.6,0.3275037234437769,649.32
2016-01-23,231.72,0.3321411305469992,677.36
2016-01-30,225.72,0.3439350608987373,665.2
2016-02-06,221.12,0.3390931743951778,659.44
2016-02-13,216.36,0.33691271537945416,647.12
2016-02-20,219.12,0.3139648513033182,666.68
2016-02-27,269.64,0.31635870361567914,892.08
2016-03-05,219.16,0.3218386636762821,652.6
2016-03-12,218.52,0.31898598126229005,657.8
2016-03-19,218.64,0.31680797940352823,663.04
2016-03-26,227.08,0.32629181706440236,663.36
2016-04-02,211.6,0.3096105047666605,656.92
2016-04-09,221.72,0.3197384384826156,680.64
2016-04-16,222.88,0.3147143486415401,690.84
2016-04-23,233.24,0.3436503552777975,649.64
2016-04-30,222.4,0.32384337934752255,660.56
2016-05-07,223.76,0.32568453540000925,662.4
2016-05-14,218.6,0.3117813968606827,672.6
2016-05-21,254.0,0.3625888859244992,675.28
2016-05-28,233.4,0.33574116740535,669.68
2016-06-04,266.64,0.36348608088937107,705.68
2016-06-11,237.76,0.33553160257684367,685.6
2016-06-18,254.48,0.34089016189385213,716.0
2016-06-25,242.32,0.3654148849375348,679.92
2016-07-02,308.04,0.40875304672149476,731.0
2016-07-09,276.68,0.4014599930161699,676.16
2016-07-16,244.76,0.40670833034488707,632.68
2016-07-23,225.6,0.390022740945135,618.32
2016-07-30,237.08,0.39539113707298634,628.56
2016-08-06,243.16,0.4011877882707213,638.08
2016-08-13,244.36,0.4088034996824115,629.92
2016-08-20,232.28,0.39860589438140503,621.56
2016-08-27,240.04,0.40874526355403007,625.72
2016-09-03,247.36,0.4112848130204307,645.48
2016-09-10,228.56,0.4030190137639251,614.64
2016-09-17,221.52,0.4043410137953691,584.48
2016-09-24,226.8,0.4025004441443174,604.24
2016-10-01,221.56,0.39621044791712434,598.68
2016-10-08,229.56,0.4023511621330995,614.24
2016-10-15,229.24,0.39998239104941824,614.04
2016-10-22,230.6,0.40460073783370504,613.24
2016-10-29,230.6,0.40460073783370504,613.24
2016-11-05,255.0,0.40261738383132495,692.52
2016-11-12,221.16,0.40457625740735326,592.88
2016-11-19,221.16,0.39438441855330375,609.12
2016-11-26,252.84,0.3769628085130226,696.36
2016-12-03,243.32,0.3814259963211718,672.08
2016-12-10,243.12,0.38924677425963033,695.2
2016-12-17,239.92,0.3858308750323624,693.12
2016-12-24,239.52,0.4112236854224998,656.48
2016-12-31,322.16,0.35239677175244777,999.2
2017-01-07,305.52,0.3685150455069535,946.48
2017-01-14,232.68,0.36770049315647346,668.56
2017-01-21,233.24,0.3726846220491257,663.0
2017-01-28,235.88,0.3758362139831256,666.16
2017-02-04,238.68,0.3785498164734238,670.72
2017-02-11,392.84,0.37620434327972435,1124.24
2017-02-18,247.0,0.36443197508359193,696.64
2017-02-25,250.44,0.38698779160405067,675.88
2017-03-04,252.72,0.36319780981837974,704.72
2017-03-11,242.28,0.35196717617669726,704.68
2017-03-18,240.28,0.3492602033673799,702.0
2017-03-25,389.76,0.34060451452887747,1155.36
2017-04-01,398.8,0.32777809444896666,1189.88
2017-04-08,243.76,0.37710233840210405,655.72
2017-04-15,253.28,0.3655921674720529,704.24
2017-04-22,246.28,0.3518057569165083,700.8
2017-04-29,242.32,0.34445284991450614,703.12
2017-05-06,214.0,0.37749467112897855,591.48
2017-05-13,202.92,0.354895305686266,583.36
2017-05-20,199.56,0.3342001652299737,610.64
2017-05-27,199.92,0.33752219165293146,600.36
2017-06-03,198.52,0.3546143115197461,588.76
2017-06-10,193.68,0.33817313504915786,584.48
2017-06-17,199.04,0.3348873249407233,608.88
2017-06-24,198.4,0.3301279192844241,610.08
2017-07-01,189.0,0.33152859187820655,584.72
2017-07-08,357.56,0.3371436027247888,1061.88
2017-07-15,196.96,0.3250779862457749,617.16
2017-07-22,203.76,0.35163604245879887,619.52
2017-07-29,215.68,0.3427735902610023,643.8
2017-08-05,200.56,0.3231778882489886,637.72
2017-08-12,199.56,0.3262925856958215,626.36
2017-08-19,196.96,0.3208917670827906,627.44
2017-08-26,197.08,0.3235788236214093,621.76
2017-09-02,197.08,0.3235788236214093,621.76
2017-09-09,194.72,0.33066063734173645,610.08
2017-09-16,183.32,0.3169799557299537,604.08
2017-09-23,179.28,0.3182467382220595,588.4
2017-09-30,177.8,0.31580568159992556,587.08
2017-10-07,184.16,0.33334458904015163,592.2
2017-10-14,177.68,0.37117032047595944,552.12
2017-10-21,177.96,0.3555705323334173,557.52
2017-10-28,182.88,0.3582134121796057,569.08
2017-11-04,184.0,0.3567328939042031,572.44
2017-11-11,189.6,0.3666432903043445,576.44
2017-11-18,197.76,0.37774067241911186,596.32
2017-11-25,306.04,0.38105955708857026,797.6
2017-12-02,206.76,0.38305197342055797,601.84
2017-12-09,313.2,0.374667717522224,801.64
2017-12-16,299.56,0.3865057283412222,767.0
2017-12-23,301.84,0.3628174163466138,794.36
2017-12-30,299.84,0.378098273225826,782.68
2018-01-03,305.76,0.38433617743724535,788.08
2018-01-06,303.24,0.38662543626572543,773.24
2018-01-13,303.84,0.38364997705917353,782.56
2018-01-20,308.68,0.3897514001972898,784.8
2018-01-27,308.52,0.40556685845033824,763.32
2018-02-03,306.36,0.4123107294741258,742.28
2018-02-10,309.64,0.3659374840016987,816.08
2018-02-17,299.56,0.4114036395703181,745.8
2018-02-24,309.76,0.40424529403774023,786.84
2018-03-03,309.44,0.4086483138422802,776.12
2018-03-10,303.92,0.4174696417004502,745.2
2018-03-17,285.08,0.4096735418257307,695.88
2018-03-24,192.2,0.378282089255701,570.08
2018-03-31,287.4,0.3595979232838966,750.68
2018-04-07,294.16,0.3587306789918527,773.96
2018-04-14,288.8,0.35735965077461673,762.52
2018-04-21,207.44,0.35026024463457434,653.32
2018-04-28,200.76,0.35089978459915355,632.28
2018-05-05,209.6,0.3452100474913136,640.88
2018-05-12,194.36,0.3471520606675348,614.52
2018-05-19,197.76,0.36533265179391583,601.96
2018-05-26,196.64,0.37580744783480546,582.12
2018-06-02,195.28,0.36012528773773034,594.6
2018-06-09,181.6,0.34971092370436646,567.6
2018-06-16,187.04,0.3478633679344582,562.92
2018-06-23,176.36,0.3418324330728569,547.16
2018-06-30,333.96,0.3437660402535993,994.44
2018-07-07,338.08,0.33856184719870724,1016.76
2018-07-14,341.04,0.3565244460118414,987.2
2018-07-21,333.28,0.328932196239411,1007.4
2018-07-28,333.28,0.32539629770232886,1015.36
2018-08-04,335.08,0.31633920407919774,1036.48
2018-08-11,334.12,0.32247545631475577,1034.76
2018-08-18,186.72,0.3570813596053014,546.08
2018-08-25,357.08,0.34759643719257666,1046.28
2018-09-01,355.36,0.33225029742347745,1069.96
2018-09-08,365.92,0.34509822632894144,1074.64
2018-09-15,446.12,0.3768549456112468,1221.44
2018-09-22,271.52,0.36038725299354346,740.56
2018-09-29,416.88,0.3311969691158419,1236.04
2018-10-06,391.8,0.34202788847886184,1155.04
2018-10-13,244.76,0.3572794591350889,667.68
2018-10-20,390.84,0.36657606380632124,1107.96
2018-10-27,393.2,0.3774980815580632,1097.64
2018-11-03,362.88,0.340665018689711,1062.36
2018-11-10,354.08,0.3312929485129872,1052.2
2018-11-17,363.08,0.3366466851008294,1074.24
2018-11-24,361.68,0.34663706217786805,1047.32
2018-12-01,360.4,0.3382805345180471,1062.8
2018-12-08,359.08,0.36116520353289744,1022.4
2018-12-15,374.0,0.3540924441860792,1074.48
2018-12-22,346.36,0.34620379658767225,1007.32
2018-12-29,345.36,0.34880295187577537,999.72
2019-01-05,348.68,0.3227845131302227,1052.2
2019-01-12,357.48,0.3450161869728585,1047.88
2019-01-19,350.0,0.3483289243276795,1021.36
2019-01-26,354.24,0.352151997663249,1030.16
2019-02-02,361.44,0.35088207402754457,1051.72
2019-02-09,368.88,0.3502337623159289,1076.92
2019-02-16,364.0,0.34462339784788126,1071.28
2019-02-23,365.6,0.3478954130259164,1071.52
2019-03-02,353.76,0.32602433841857975,1069.36
