GEOID,TREE-PCT,median-income
"06059075808",13.894,"116181"
"06059075807",12.051,"79861"
"06059074406",7.892,"50722"
"06059074405",6.355,"44460"
"06059110604",16.149,"76830"
"06059099906",7.817,"99740"
"06059087704",8.327,"84216"
"06059110203",7.577,"64963"
"06059088301",7.181,"68983"
"06059086901",9.234,"41545"
"06059110303",8.698,"83663"
"06059001708",12.600,"89813"
"06059076201",5.363,"94519"
"06059021812",18.583,"87875"
"06059086405",8.553,"55652"
"06059001304",5.050,"48879"
"06059001303",9.533,"64797"
"06059088101",4.995,"62043"
"06059099904",6.527,"38955"
"06059110301",4.895,"69188"
"06059087300",10.522,"43425"
"06059001801",3.958,"48769"
"06059011720",3.506,"36982"
"06059087404",7.259,"50106"
"06059076206",6.641,"75156"
"06059086301",8.375,"69016"
"06059089107",11.252,"85817"
"06059075806",7.360,"58168"
"06059075805",9.498,"68009"
"06059075703",16.288,"120338"
"06059075702",14.864,"102063"
"06059074403",2.611,"34519"
"06059074300",12.402,"55720"
"06059075301",13.651,"57652"
"06059088105",11.832,"60417"
"06059088104",6.391,"50670"
"06059099902",7.487,"81559"
"06059087102",3.385,"50948"
"06059011715",9.449,"92212"
"06059075809",26.898,"159107"
"06059086502",4.806,"38486"
"06059001201",8.217,"50039"
"06059001301",10.975,"70105"
"06059001802",9.097,"42692"
"06059001707",14.872,"112692"
"06059110605",14.381,"68869"
"06059099801",7.359,"64081"
"06059110111",4.954,"74819"
"06059110115",4.438,"91875"
"06059001404",3.616,"55360"
"06059088107",10.839,"57596"
"06059086305",6.182,"83686"
"06059076204",2.502,"67823"
"06059099231",9.346,"105375"
"06059099230",7.376,"93704"
"06059099220",3.894,"85677"
"06059099217",6.651,"91250"
"06059099216",4.666,"81078"
"06059075701",11.430,"72715"
"06059075607",17.547,"85030"
"06059075606",29.885,"147455"
"06059075605",26.624,"121389"
"06059075604",27.494,"131484"
"06059074200",9.836,"58367"
"06059074107",13.230,"72989"
"06059074006",8.314,"51101"
"06059088203",8.435,"50503"
"06059087802",7.318,"61119"
"06059087803",4.269,"33922"
"06059087103",5.759,"68363"
"06059087701",7.557,"60332"
"06059021802",20.498,"74861"
"06059110606",5.504,"46818"
"06059110401",6.623,"80598"
"06059011718",9.479,"94365"
"06059110304",4.597,"97586"
"06059021810",12.190,"109444"
"06059088302",9.512,"77963"
"06059001602",30.339,"106587"
"06059089105",11.283,"62722"
"06059088702",6.508,"49402"
"06059087401",9.078,"90278"
"06059086306",5.835,"65568"
"06059076101",5.417,"77219"
"06059062626",16.836,"30134"
"06059052519",19.716,"85955"
"06059052518",9.500,"88333"
"06059075603",18.153,"93932"
"06059075515",4.744,"76991"
"06059075514",5.842,"43405"
"06059075513",12.906,"56103"
"06059074005",6.164,"56779"
"06059074004",7.714,"77554"
"06059087902",9.938,"47625"
"06059088106",6.371,"50940"
"06059086803",6.263,"49583"
"06059110102",3.944,"81923"
"06059110116",4.248,"90833"
"06059099504",7.008,"132292"
"06059110110",5.727,"57667"
"06059001705",19.330,"85357"
"06059011708",12.582,"58508"
"06059011714",1.842,"86563"
"06059021903",10.786,"84430"
"06059075813",21.050,"94500"
"06059086404",8.054,"51438"
"06059076000",7.860,"68438"
"06059110603",6.124,"42500"
"06059075814",23.376,"121612"
"06059087505",9.761,"42077"
"06059075512",8.554,"66389"
"06059075507",9.193,"57700"
"06059075506",11.229,"70139"
"06059074003",3.906,"74506"
"06059052528",16.702,"96813"
"06059088201",8.059,"57549"
"06059099509",7.498,"30188"
"06059099510",4.705,"27223"
"06059110104",5.250,"70815"
"06059086702",5.224,"48072"
"06059089106",5.710,"38920"
"06059011712",7.976,"70347"
"06059076202",9.936,"80357"
"06059021821",6.450,"72158"
"06059021915",28.636,"104667"
"06059075811",5.655,"71464"
"06059011403",13.198,"55327"
"06059011502",8.245,"70789"
"06059075505",12.057,"62900"
"06059075504",10.498,"77806"
"06059075405",8.979,"78776"
"06059052527",13.237,"115478"
"06059052526",11.745,"96467"
"06059052525",12.742,"96310"
"06059099512",5.197,"74191"
"06059099903",6.343,"46967"
"06059110005",6.993,"90139"
"06059110012",8.157,"105049"
"06059021813",2.978,"-"
"06059086407",4.786,"58454"
"06059087403",7.285,"51250"
"06059087405",5.645,"43750"
"06059086402",7.994,"66894"
"06059075404",9.105,"49128"
"06059075403",9.790,"53131"
"06059052524",9.926,"76958"
"06059052521",12.144,"74134"
"06059021816",22.758,"94554"
"06059076102",6.564,"51918"
"06059086303",3.465,"60876"
"06059001101",13.750,"70242"
"06059110004",6.705,"95761"
"06059001102",11.053,"58125"
"06059075302",16.041,"55579"
"06059086501",7.168,"52386"
"06059087200",9.083,"43843"
"06059075401",17.761,"84625"
"06059075303",19.387,"86848"
"06059075202",9.800,"58625"
"06059052515",15.770,"106867"
"06059052511",16.845,"98106"
"06059110117",6.320,"75093"
"06059087001",8.276,"43884"
"06059086903",8.073,"60213"
"06059110007",12.731,"105972"
"06059087801",10.546,"53118"
"06059110006",11.988,"113750"
"06059110108",5.442,"101429"
"06059021918",16.321,"92279"
"06059021917",20.890,"107446"
"06059099215",6.615,"76468"
"06059099214",5.005,"71591"
"06059099212",9.150,"71186"
"06059088904",3.872,"39938"
"06059088903",4.347,"59497"
"06059074106",6.126,"49983"
"06059074102",10.725,"63879"
"06059063806",14.283,"81758"
"06059063805",7.508,"83261"
"06059063500",1.592,"112482"
"06059063400",13.183,"118947"
"06059063010",15.161,"86578"
"06059063009",14.890,"120000"
"06059063008",15.259,"87059"
"06059063007",25.092,"136413"
"06059063006",1.120,"84958"
"06059075100",11.299,"50270"
"06059075004",6.917,"40000"
"06059075003",7.178,"35255"
"06059052506",13.487,"102500"
"06059052505",10.802,"77422"
"06059052502",11.968,"87401"
"06059087806",6.240,"36889"
"06059087703",8.037,"53929"
"06059087901",5.971,"49417"
"06059110003",6.090,"76667"
"06059086802",6.537,"54269"
"06059011711",7.152,"42653"
"06059086304",8.092,"57766"
"06059088901",6.725,"49504"
"06059088802",8.822,"50341"
"06059063908",10.539,"75750"
"06059063907",8.343,"86902"
"06059063906",9.239,"55802"
"06059063803",7.537,"81330"
"06059063802",11.049,"85625"
"06059063302",12.380,"95221"
"06059063301",8.108,"67706"
"06059063202",16.049,"64050"
"06059063005",12.184,"140417"
"06059063004",15.877,"87469"
"06059062900",3.503,"199091"
"06059062800",1.591,"84524"
"06059062702",11.468,"101198"
"06059062614",14.214,"29590"
"06059062612",22.052,"95335"
"06059052517",14.076,"101801"
"06059052514",16.871,"82868"
"06059075902",12.892,"57404"
"06059075816",9.179,"76094"
"06059075002",6.788,"38810"
"06059074902",10.888,"46497"
"06059074901",9.088,"42349"
"06059088001",10.271,"63979"
"06059011717",7.807,"90987"
"06059110118",5.902,"160212"
"06059086801",7.397,"64906"
"06059088601",6.658,"55410"
"06059099502",0.471,"84050"
"06059011722",5.052,"51172"
"06059088602",9.938,"61270"
"06059011402",24.591,"97225"
"06059011503",14.734,"89861"
"06059011602",2.842,"52664"
"06059011601",8.098,"50783"
"06059001403",14.234,"80188"
"06059110607",8.242,"75611"
"06059086701",6.963,"64631"
"06059001901",8.268,"94596"
"06059011101",8.231,"50890"
"06059001902",8.486,"67831"
"06059021825",5.719,"109531"
"06059089001",5.081,"55139"
"06059088701",8.138,"44438"
"06059088902",5.562,"57198"
"06059021807",19.400,"107578"
"06059001507",9.022,"73324"
"06059075815",11.466,"69477"
"06059075810",23.420,"135909"
"06059074801",7.877,"67740"
"06059074602",12.630,"57477"
"06059074601",11.832,"50183"
"06059052421",11.109,"102264"
"06059052419",11.810,"128600"
"06059021809",10.546,"83286"
"06059110014",4.619,"70163"
"06059110106",7.524,"85443"
"06059110113",6.339,"83958"
"06059087101",8.456,"41809"
"06059087805",6.128,"50578"
"06059087002",7.590,"54037"
"06059110402",6.402,"76224"
"06059086902",10.040,"54878"
"06059089104",5.120,"32888"
"06059075812",8.179,"61375"
"06059076205",8.394,"63409"
"06059076208",7.926,"71942"
"06059011707",14.562,"88438"
"06059001601",22.228,"91202"
"06059001501",14.008,"80398"
"06059021814",8.596,"83517"
"06059021828",10.919,"163578"
"06059001504",8.427,"63710"
"06059011716",8.950,"107392"
"06059001903",7.711,"70156"
"06059001505",19.052,"96354"
"06059001704",12.320,"90571"
"06059021817",15.593,"93274"
"06059021830",17.780,"132321"
"06059088401",8.694,"68182"
"06059087503",5.951,"50756"
"06059088403",10.709,"71563"
"06059088402",8.184,"49809"
"06059076103",7.555,"53403"
"06059088501",6.914,"59935"
"06059099802",6.546,"32167"
"06059099703",6.822,"76406"
"06059099602",7.852,"84583"
"06059099601",6.266,"46212"
"06059099514",6.227,"125938"
"06059099416",5.960,"70282"
"06059011300",12.002,"66250"
"06059011504",8.444,"42788"
"06059099402",11.571,"50121"
"06059099311",4.531,"85417"
"06059099310",3.953,"83953"
"06059074502",11.198,"52027"
"06059074501",9.501,"34575"
"06059074408",6.322,"43227"
"06059074407",6.672,"44474"
"06059052418",8.522,"86931"
"06059052417",12.264,"127072"
"06059021824",16.746,"172574"
"06059110202",7.351,"50500"
"06059089102",9.930,"51869"
"06059088801",8.602,"43591"
"06059001103",9.064,"39640"
"06059087105",5.574,"61339"
"06059021820",13.660,"121700"
"06059086601",6.368,"34955"
"06059086602",6.551,"50694"
"06059011200",12.802,"65969"
"06059075901",10.345,"52774"
"06059001706",28.730,"119097"
"06059001401",12.527,"58942"
"06059011000",10.552,"66250"
"06059011102",10.487,"63698"
"06059021823",10.546,"115694"
"06059089003",4.917,"55658"
"06059001202",5.824,"49500"
"06059001402",12.188,"65956"
"06059001503",11.214,"82111"
"06059087106",6.965,"43098"
"06059088502",9.654,"60281"
"06059089004",6.571,"51058"
"06059075201",10.088,"54661"
"06059099702",6.138,"50589"
"06059099701",13.430,"40519"
"06059099513",3.862,"129688"
"06059099413",12.019,"66045"
"06059099412",14.004,"85417"
"06059021920",18.547,"124063"
"06059021905",8.918,"105649"
"06059099411",7.542,"64721"
"06059099410",5.496,"57500"
"06059099309",12.685,"83631"
"06059099308",13.546,"178750"
"06059099248",4.359,"44576"
"06059099247",6.259,"40694"
"06059099246",7.393,"105087"
"06059099240",4.549,"72112"
"06059099239",5.407,"129688"
"06059099229",4.516,"70250"
"06059099227",6.298,"66962"
"06059099905",3.860,"62770"
"06059110010",7.696,"106550"
"06059110015",3.549,"101295"
"06059088002",10.901,"69519"
"06059021826",18.841,"76824"
"06059110008",10.070,"79014"
"06059021829",16.227,"136875"
"06059110114",5.927,"92847"
"06059021922",14.300,"68833"
"06059021916",28.958,"107583"
"06059011721",8.633,"47337"
"06059021921",20.332,"143657"
"06059021919",22.425,"85282"
"06059099803",4.927,"47542"
"06059099605",10.627,"97972"
"06059099604",7.280,"103681"
"06059099603",4.864,"76140"
"06059099508",6.552,"66898"
"06059001506",19.512,"74559"
"06059011401",18.043,"68980"
"06059099408",6.078,"97500"
"06059099407",10.689,"77500"
"06059099406",9.019,"68606"
"06059099307",5.959,"78750"
"06059099306",8.290,"89614"
"06059099305",8.562,"57242"
"06059099245",10.844,"122700"
"06059099244",11.348,"59647"
"06059099243",11.171,"91705"
"06059099238",6.010,"113750"
"06059099237",6.832,"102230"
"06059099235",10.607,"60667"
"06059099226",5.684,"91250"
"06059099225",11.182,"97934"
"06059099204",5.097,"53902"
"06059099203",6.517,"66492"
"06059074806",11.177,"49177"
"06059074805",9.254,"46723"
"06059074803",10.530,"56408"
"06059110201",6.366,"62785"
"06059110109",5.669,"72083"
"06059011709",7.467,"102379"
"06059110001",6.786,"92895"
"06059110500",4.639,"41100"
"06059110302",6.841,"59310"
"06059099405",8.582,"78454"
"06059099404",8.036,"93816"
"06059099251",8.244,"51824"
"06059099250",7.331,"65625"
"06059099249",6.601,"39444"
"06059099242",9.691,"70786"
"06059099241",7.710,"69631"
"06059099234",8.482,"76146"
"06059099233",7.863,"106125"
"06059099232",6.452,"90603"
"06059099224",7.655,"100119"
"06059099223",5.429,"49423"
"06059099222",4.638,"63860"
"06059099202",6.826,"59336"
"06059088905",4.751,"58539"
"06059074802",4.783,"53995"
"06059074701",12.487,"58447"
"06059074110",11.807,"85721"
"06059063905",13.388,"69366"
"06059063904",9.956,"54917"
"06059063903",8.095,"66759"
"06059063702",6.844,"42060"
"06059063701",7.140,"46028"
"06059063605",4.595,"41782"
"06059063201",13.473,"62041"
"06059063103",19.404,"71250"
"06059062701",12.052,"153929"
"06059062645",15.126,"141058"
"06059062644",19.683,"112439"
"06059062643",12.791,"192337"
"06059062611",16.882,"56935"
"06059062610",8.482,"76250"
"06059052513",16.904,"73347"
"06059110011",8.589,"87260"
"06059087504",6.453,"42344"
"06059087601",6.735,"41418"
"06059011710",7.559,"93382"
"06059086406",7.566,"57778"
"06059074109",9.276,"69688"
"06059074108",9.883,"60556"
"06059063902",8.415,"59725"
"06059063808",8.351,"56371"
"06059063807",12.375,"74849"
"06059063604",4.365,"40795"
"06059063603",4.865,"72351"
"06059063601",16.234,"83824"
"06059063102",14.829,"83726"
"06059063101",13.555,"67500"
"06059062642",16.208,"136125"
"06059062631",29.934,"111750"
"06059062630",14.644,"106364"
"06059062629",26.578,"133409"
"06059062628",27.824,"105417"
"06059062627",24.270,"36563"
"06059052523",12.489,"96364"
"06059052522",15.900,"115078"
"06059052520",14.912,"96563"
"06059021914",20.316,"78221"
"06059021913",9.676,"83850"
"06059074702",12.415,"53169"
"06059087602",9.161,"72154"
"06059088202",10.886,"65096"
"06059074111",8.867,"71400"
"06059074103",12.832,"77083"
"06059980000",11.288,"-"
"06111008304",,"84787"
"06065040607",,"83043"
"06037197420",18.094,"60559"
"06037197600",13.131,"41784"
"06037197700",9.986,"36509"
"06037199110",16.558,"44886"
"06037603500",8.400,"65975"
"06037554101",6.955,"54018"
"06037553702",9.146,"36468"
"06037553901",7.251,"45388"
"06037106520",10.449,"55431"
"06037554521",10.265,"78766"
"06037554600",4.510,"57130"
"06037554516",8.019,"96959"
"06037554514",10.307,"65814"
"06037269100",11.776,"75742"
"06037267800",12.157,"89583"
"06037267700",4.826,"71667"
"06037267600",6.613,"85331"
"06037267502",8.524,"60787"
"06037267501",4.257,"67491"
"06037267402",3.029,"64674"
"06037460000",15.658,"114966"
"06037670413",17.360,"119214"
"06037296220",6.972,"22120"
"06037530500",4.317,"31496"
"06037297300",11.336,"65750"
"06037101400",15.009,"62065"
"06037503902",4.586,"82237"
"06037503801",11.120,"77574"
"06037650603",8.879,"66406"
"06037650501",6.531,"98716"
"06037650502",8.325,"103315"
"06037650602",3.178,"60753"
"06037181300",24.604,"89286"
"06037224410",9.896,"24406"
"06037224020",2.042,"31467"
"06037221220",7.905,"30556"
"06037219700",7.069,"39773"
"06037220100",8.656,"34286"
"06037218900",14.166,"33527"
"06037219010",6.606,"40125"
"06037219800",6.469,"38111"
"06037220000",7.811,"36545"
"06037216800",10.436,"96326"
"06037216700",8.380,"61862"
"06037216900",9.685,"61146"
"06037216300",10.474,"60950"
"06037216200",9.931,"68135"
"06037621400",9.900,"98947"
"06037621301",10.772,"80066"
"06037620702",7.069,"107607"
"06037621102",4.279,"105206"
"06037620701",5.167,"116046"
"06037620522",5.636,"103580"
"06037620521",5.319,"77764"
"06037620800",13.673,"142702"
"06037620901",12.074,"188958"
"06037620400",10.330,"130147"
"06037291300",7.239,"57650"
"06037291220",5.943,"36964"
"06037570203",4.785,"38942"
"06037571701",7.772,"46630"
"06037216100",19.229,"82663"
"06037214600",7.825,"66875"
"06037214800",5.873,"96422"
"06037214700",9.835,"95648"
"06037214400",3.813,"74167"
"06037212900",8.113,"25800"
"06037212620",9.364,"36851"
"06037212420",2.388,"24888"
"06037213201",3.072,"28667"
"06037212610",6.933,"32759"
"06037212305",2.602,"30625"
"06037212410",4.759,"35319"
"06037212306",4.079,"28631"
"06037212203",3.823,"25240"
"06037212204",4.000,"31310"
"06037212303",3.792,"29894"
"06037212304",1.771,"27132"
"06037211000",28.211,"157000"
"06037210010",5.827,"18289"
"06037209820",5.710,"27117"
"06037209810",5.874,"23714"
"06037209520",4.264,"25743"
"06037209510",2.476,"27428"
"06037209403",3.147,"18125"
"06037209200",5.324,"39875"
"06037572500",21.208,"22368"
"06037573401",8.593,"55234"
"06037571400",6.796,"88042"
"06037571200",16.253,"71908"
"06037570301",10.092,"43906"
"06037570603",3.338,"30496"
"06037570501",12.237,"68750"
"06037570402",9.371,"54063"
"06037570502",5.330,"51181"
"06037555211",5.115,"42344"
"06037571102",12.375,"81598"
"06037570003",12.621,"84286"
"06037571300",12.916,"99120"
"06037571101",15.047,"93988"
"06037570100",6.923,"64803"
"06037555001",9.072,"64838"
"06037541400",11.005,"30268"
"06037555102",6.025,"58488"
"06037555103",6.479,"71220"
"06037555212",4.778,"42247"
"06037106112",9.464,"77957"
"06037603702",13.342,"76477"
"06037603302",3.417,"43918"
"06037603301",5.365,"50040"
"06037604100",7.626,"49754"
"06037106114",8.859,"44629"
"06037603600",9.122,"80357"
"06037603900",4.263,"58360"
"06037603703",11.689,"83106"
"06037602900",2.200,"39180"
"06037602600",4.924,"57578"
"06037208902",2.258,"32664"
"06037208710",8.280,"38457"
"06037208620",5.731,"34411"
"06037206010",9.277,"16685"
"06037206020",1.985,"87250"
"06037207900",3.364,"60206"
"06037206200",2.480,"15678"
"06037320000",21.568,"-"
"06037203900",4.726,"43889"
"06037204600",10.429,"43981"
"06037204200",3.625,"25302"
"06037204120",6.357,"47625"
"06037203720",4.102,"30675"
"06037204300",6.710,"30729"
"06037204110",7.020,"37091"
"06037204420",4.970,"27242"
"06037201302",25.313,"62021"
"06037201110",14.616,"51167"
"06037201301",15.253,"37064"
"06037201200",13.394,"38278"
"06037199800",5.234,"34755"
"06037600502",7.524,"63871"
"06037603004",3.215,"50652"
"06037106510",6.138,"69183"
"06037603400",7.343,"53409"
"06037553601",3.954,"50114"
"06037553502",6.085,"50826"
"06037553801",3.946,"49375"
"06037267300",3.290,"54132"
"06037264302",22.081,"94764"
"06037267100",18.050,"98536"
"06037183101",18.901,"58576"
"06037264000",35.373,"165236"
"06037265100",42.762,"98950"
"06037265304",9.702,"15822"
"06037265303",11.924,"19429"
"06037267200",8.800,"69718"
"06037262302",36.622,"176625"
"06037262303",45.556,"170850"
"06037262100",37.147,"192417"
"06037261200",26.540,"160195"
"06037234200",8.129,"71684"
"06037236202",8.227,"23703"
"06037236400",18.886,"54750"
"06037228500",5.073,"33516"
"06037228410",7.300,"27219"
"06037228320",7.327,"31105"
"06037228420",4.957,"29518"
"06037228100",3.806,"36118"
"06037228210",5.371,"28088"
"06037228310",4.342,"30028"
"06037228220",5.390,"30167"
"06037227020",5.012,"32232"
"06037609900",15.382,"66875"
"06037300200",25.550,"83969"
"06037297500",15.383,"69722"
"06037297400",17.279,"102132"
"06037297110",3.674,"25161"
"06037300501",17.974,"76250"
"06037300100",19.087,"114519"
"06037293301",5.908,"72969"
"06037296500",16.070,"39013"
"06037620201",1.027,"112321"
"06037620101",15.367,"93934"
"06037195300",12.363,"56168"
"06037701201",27.217,"174398"
"06037620102",9.839,"85668"
"06037480002",16.738,"121875"
"06037504102",1.851,"-"
"06037504101",6.460,"45938"
"06037480102",12.222,"88042"
"06037503802",11.909,"89286"
"06037651201",18.706,"107159"
"06037650902",9.183,"79063"
"06037651221",5.513,"69036"
"06037650200",6.945,"83158"
"06037650102",10.590,"82096"
"06037227010",4.615,"33776"
"06037226700",5.207,"28989"
"06037226420",6.390,"22385"
"06037226410",5.090,"27500"
"06037224010",2.836,"16184"
"06037222700",11.578,"11528"
"06037187300",26.837,"76143"
"06037222500",5.963,"28288"
"06037222600",8.154,"23542"
"06037219300",5.725,"30625"
"06037219500",10.939,"67708"
"06037218800",7.237,"41487"
"06037218500",7.999,"40313"
"06037218400",6.984,"31835"
"06037218220",11.246,"42639"
"06037218600",5.739,"47778"
"06037650101",8.644,"82679"
"06037650300",8.389,"59956"
"06037103102",16.756,"69129"
"06037650001",8.782,"71222"
"06037103200",11.090,"76435"
"06037620501",6.273,"127989"
"06037621001",7.938,"108431"
"06037620601",3.415,"86993"
"06037621002",0.396,"114206"
"06037620602",9.193,"110197"
"06037620303",11.307,"138125"
"06037620301",13.555,"160851"
"06037621201",7.046,"120109"
"06037294120",2.360,"46700"
"06037293202",4.099,"33321"
"06037291210",5.274,"45331"
"06037320300",6.770,"44310"
"06037574601",15.479,"-"
"06037574201",12.896,"87632"
"06037572001",10.782,"77254"
"06037572002",10.610,"59390"
"06037572400",16.853,"76500"
"06037571900",11.460,"75671"
"06037555002",7.799,"64722"
"06037543501",4.706,"61589"
"06037572302",12.374,"64583"
"06037572301",9.069,"40909"
"06037572100",8.802,"79946"
"06037214100",17.011,"107599"
"06037214000",7.967,"98438"
"06037213320",3.357,"25641"
"06037213310",2.504,"32078"
"06037213401",3.615,"36537"
"06037213402",5.004,"36667"
"06037213202",3.383,"26625"
"06037213100",12.182,"39276"
"06037212800",10.968,"48095"
"06037212202",3.545,"29385"
"06037211500",24.487,"50216"
"06037211910",2.354,"32576"
"06037211701",27.312,"58889"
"06037211802",2.695,"33158"
"06037211420",6.782,"31839"
"06037211310",3.304,"31706"
"06037211320",3.913,"25934"
"06037211410",4.804,"26901"
"06037209401",2.329,"28207"
"06037208904",3.348,"17341"
"06037209300",4.929,"24655"
"06037209102",4.740,"17542"
"06037208903",3.814,"22609"
"06037209402",0.742,"26837"
"06037208720",5.441,"20965"
"06037571600",16.221,"14273"
"06037571502",13.942,"53521"
"06037570800",11.467,"80725"
"06037570901",11.417,"95047"
"06037570601",9.862,"53942"
"06037570304",5.629,"38484"
"06037570602",9.796,"45074"
"06037555104",5.034,"67090"
"06037570303",13.384,"52311"
"06037570204",9.569,"43750"
"06037571000",15.699,"80063"
"06037570202",8.595,"52793"
"06037570701",10.529,"61466"
"06037570702",10.313,"77205"
"06037570902",11.889,"78818"
"06037570001",10.663,"85601"
"06037570002",13.324,"85643"
"06037208610",5.370,"41689"
"06037208000",8.533,"37803"
"06037206300",2.488,"9609"
"06037207400",9.808,"10795"
"06037207710",4.135,"51803"
"06037124102",12.310,"47340"
"06037204810",6.863,"37642"
"06037205110",16.230,"31534"
"06037204910",6.558,"38674"
"06037204820",7.066,"52768"
"06037204700",9.933,"30370"
"06037203800",5.431,"46719"
"06037204410",5.363,"27550"
"06037203200",8.197,"38705"
"06037203710",3.939,"28750"
"06037203500",4.143,"37670"
"06037203100",7.829,"25521"
"06037199201",5.849,"29809"
"06037199900",3.125,"25577"
"06037199300",31.105,"52371"
"06037199400",10.180,"31591"
"06037194500",11.647,"100656"
"06037701000",13.516,"86609"
"06037702901",6.287,"89673"
"06037297120",4.192,"41332"
"06037503901",10.791,"90563"
"06037504002",9.267,"74821"
"06037670001",11.210,"67500"
"06037650701",4.529,"96579"
"06037650800",10.469,"77472"
"06037650702",7.786,"103958"
"06037224700",7.462,"6406"
"06037224600",2.869,"27048"
"06037224420",15.535,"19504"
"06037224310",5.342,"29978"
"06037187200",12.956,"39150"
"06037224320",6.448,"19971"
"06037222200",7.229,"27685"
"06037222100",7.291,"33697"
"06037221810",6.811,"14813"
"06037221820",11.848,"12755"
"06037221900",10.839,"13531"
"06037221500",9.645,"26738"
"06037221302",7.356,"28963"
"06037221120",4.614,"29919"
"06037221110",3.462,"24087"
"06037219020",6.167,"48056"
"06037218300",6.508,"39480"
"06037188100",8.465,"50263"
"06037218120",3.977,"24737"
"06037218110",6.640,"41154"
"06037218210",5.861,"32659"
"06037217100",8.264,"49600"
"06037217200",6.610,"48992"
"06037292000",4.818,"39276"
"06037293201",8.009,"57530"
"06037103300",17.709,"98065"
"06037574202",12.095,"59083"
"06037573902",10.950,"105560"
"06037573800",16.552,"96625"
"06037573700",16.995,"110741"
"06037603200",4.019,"60921"
"06037603102",9.034,"45128"
"06037603101",5.368,"59066"
"06037601502",5.329,"36047"
"06037600302",5.982,"44787"
"06037620001",12.435,"94152"
"06037603704",4.411,"34363"
"06037602301",6.530,"85528"
"06037203300",8.904,"27000"
"06037201402",8.247,"46378"
"06037201501",9.558,"52451"
"06037201503",9.851,"35096"
"06037199202",19.227,"34923"
"06037199120",9.368,"23285"
"06037199000",4.907,"30154"
"06037197500",16.440,"45875"
"06037602200",8.262,"66154"
"06037554001",7.189,"65430"
"06037553802",5.104,"35616"
"06037553701",6.790,"45758"
"06037554801",7.369,"62411"
"06037554700",5.395,"69597"
"06037553200",9.675,"66774"
"06037700700",40.175,"177794"
"06037265301",22.295,"-"
"06037265410",26.152,"92750"
"06037265700",25.141,"91383"
"06037265510",8.118,"63138"
"06037265420",29.179,"154000"
"06037265305",7.360,"16168"
"06037262601",18.664,"190000"
"06037265520",9.422,"80839"
"06037264301",2.468,"81934"
"06037232120",5.743,"29075"
"06037231710",7.172,"26663"
"06037231500",6.201,"36464"
"06037231220",10.416,"21472"
"06037231400",6.589,"36707"
"06037228900",7.611,"19019"
"06037228800",4.433,"24670"
"06037229200",6.709,"23656"
"06037228600",4.366,"25169"
"06037293304",7.190,"44066"
"06037553000",12.558,"75437"
"06037221710",10.412,"23803"
"06037700200",9.730,"47159"
"06037189201",8.179,"38415"
"06037211121",8.460,"40451"
"06037211202",4.017,"31576"
"06037211803",3.820,"37643"
"06037211804",3.878,"39973"
"06037211922",3.542,"37683"
"06037212101",4.351,"37944"
"06037212102",1.786,"23929"
"06037212501",4.898,"40192"
"06037214503",16.103,"83462"
"06037214901",6.229,"60660"
"06037408133",16.080,"61343"
"06037408135",20.271,"71313"
"06037408134",23.171,"86071"
"06037503702",9.783,"86375"
"06037503401",11.572,"81406"
"06037503202",8.380,"66923"
"06037402600",12.147,"45798"
"06037402703",6.180,"62622"
"06037403200",8.321,"-"
"06037503703",17.969,"84130"
"06037500100",25.184,"122900"
"06037432901",5.270,"58493"
"06037532304",2.237,"44929"
"06037123104",11.549,"40779"
"06037481712",8.145,"37979"
"06037534201",4.543,"30257"
"06037123206",4.355,"36762"
"06037533401",6.046,"39872"
"06037481201",6.376,"41575"
"06037534404",4.765,"36382"
"06037190901",6.073,"37250"
"06037431002",16.393,"50000"
"06037480202",25.356,"101375"
"06037480704",16.675,"76875"
"06037535102",6.514,"47000"
"06037533103",5.198,"26898"
"06037532900",5.419,"35361"
"06037543601",5.677,"80494"
"06037206050",4.311,"20822"
"06037181400",18.461,"63972"
"06037181500",23.738,"73594"
"06037143901",35.876,"128359"
"06037143902",38.396,"89929"
"06037143800",33.986,"109345"
"06037141600",23.023,"124327"
"06037143700",28.929,"107750"
"06037143500",27.527,"92800"
"06037320100",8.858,"61133"
"06037300901",16.390,"121531"
"06037302104",11.411,"43358"
"06037311700",20.157,"76492"
"06037302202",7.323,"36366"
"06037403901",7.965,"75929"
"06037401603",4.480,"53973"
"06037403802",4.670,"57917"
"06037600202",6.022,"28735"
"06037127520",3.710,"37602"
"06037600601",8.146,"63692"
"06037601100",4.211,"27165"
"06037602700",8.651,"78232"
"06037600801",10.551,"57261"
"06037123520",18.116,"31295"
"06037123204",7.213,"32207"
"06037123203",6.107,"31633"
"06037123205",3.288,"38750"
"06037123020",8.677,"49038"
"06037122420",4.945,"34844"
"06037123010",3.821,"40000"
"06037122410",3.208,"31997"
"06037121900",4.451,"61806"
"06037540700",8.225,"36250"
"06037541802",9.153,"50496"
"06037121600",7.671,"81806"
"06037122120",7.855,"47479"
"06037432700",7.241,"42454"
"06037432602",12.590,"59063"
"06037109601",8.710,"63194"
"06037138000",21.690,"111818"
"06037532101",6.507,"38250"
"06037532002",5.454,"45341"
"06037702201",12.849,"79742"
"06037139600",26.687,"80109"
"06037702300",11.751,"66655"
"06037701702",3.595,"56759"
"06037127806",14.364,"42279"
"06037128101",20.451,"50366"
"06037128102",14.492,"37027"
"06037128601",15.132,"34590"
"06037128602",26.430,"65795"
"06037128802",17.980,"65735"
"06037131702",16.323,"60750"
"06037132001",23.896,"71193"
"06037132002",17.226,"72917"
"06037121802",6.510,"62647"
"06037123901",10.481,"44975"
"06037125402",16.150,"67222"
"06037125501",14.973,"50863"
"06037480304",3.880,"37214"
"06037533002",5.077,"40417"
"06037262706",26.412,"160323"
"06037262802",39.709,"166164"
"06037264103",7.938,"76028"
"06037239702",5.308,"30549"
"06037239802",5.631,"33484"
"06037265601",12.203,"81779"
"06037267403",6.563,"63783"
"06037501002",11.011,"68764"
"06037300301",9.581,"100783"
"06037301205",20.579,"78824"
"06037301206",12.962,"57266"
"06037265201",28.447,"95583"
"06037275101",10.943,"88333"
"06037275602",6.385,"77606"
"06037295103",11.117,"95066"
"06037124105",9.588,"36078"
"06037124203",9.420,"44828"
"06037124204",7.422,"32415"
"06037124903",7.567,"57682"
"06037127604",14.270,"27115"
"06037127606",17.647,"38910"
"06037127712",18.462,"26768"
"06037128801",15.644,"51490"
"06037131701",13.454,"58030"
"06037134521",6.742,"41105"
"06037234901",3.559,"24550"
"06037239801",5.285,"31538"
"06037241201",7.214,"32632"
"06037553504",5.390,"55769"
"06037554104",6.438,"36058"
"06037554105",3.749,"39156"
"06037553100",10.343,"60360"
"06037552601",5.933,"61500"
"06037552700",8.211,"60777"
"06037552602",5.010,"57681"
"06037404501",4.921,"48466"
"06037400604",19.577,"62594"
"06037406800",10.282,"86600"
"06037406402",15.528,"99706"
"06037502301",7.154,"65231"
"06037502200",7.932,"62390"
"06037502100",6.417,"56216"
"06037402702",3.436,"29309"
"06037403721",5.604,"69569"
"06037402301",7.179,"53667"
"06037402200",10.964,"58947"
"06037402102",5.535,"54728"
"06037532302",2.191,"46618"
"06037535101",6.026,"36061"
"06037406000",11.857,"78456"
"06037460700",32.677,"204554"
"06037532500",2.813,"43060"
"06037532400",0.323,"32188"
"06037540201",6.294,"23300"
"06037540501",6.816,"46370"
"06037480804",10.416,"54605"
"06037480400",16.622,"81635"
"06037480702",33.653,"109402"
"06037204920",2.117,"41615"
"06037534501",6.080,"48825"
"06037534700",9.940,"52364"
"06037534403",7.249,"39722"
"06037277100",14.007,"83929"
"06037277000",15.283,"138718"
"06037276601",12.549,"110256"
"06037276400",15.783,"96781"
"06037276500",17.262,"84375"
"06037302201",5.922,"26964"
"06037302301",5.227,"50889"
"06037302103",9.481,"44130"
"06037300902",12.572,"116420"
"06037401202",5.325,"82628"
"06037401703",5.851,"55409"
"06037401800",15.117,"74777"
"06037602104",4.141,"35990"
"06037601900",6.660,"32486"
"06037601802",5.198,"41400"
"06037601801",6.028,"33571"
"06037601700",6.007,"32357"
"06037404703",6.912,"52743"
"06037408629",21.325,"93125"
"06037408302",17.698,"74318"
"06037121210",3.642,"45919"
"06037117520",6.537,"36923"
"06037121020",10.878,"46122"
"06037120020",7.160,"33875"
"06037120300",11.316,"61995"
"06037121010",7.827,"66486"
"06037432500",13.877,"56191"
"06037432300",4.595,"63951"
"06037530302",4.845,"41507"
"06037530301",3.532,"53064"
"06037530203",10.657,"47679"
"06037701501",7.586,"74886"
"06037701602",6.315,"83509"
"06037701801",8.061,"47414"
"06037574300",12.339,"88235"
"06037132101",16.059,"60563"
"06037132102",11.716,"53622"
"06037132501",14.970,"50072"
"06037132502",14.825,"46250"
"06037134001",10.796,"44018"
"06037134002",13.301,"53900"
"06037134423",21.800,"74191"
"06037536103",12.634,"48199"
"06037542103",7.393,"43333"
"06037542104",6.970,"47500"
"06037800204",19.098,"143750"
"06037461501",21.852,"68400"
"06037650604",2.373,"54622"
"06037650605",7.521,"81367"
"06037134522",14.248,"40167"
"06037134905",7.608,"89792"
"06037141101",17.289,"64005"
"06037143604",12.217,"67736"
"06037189903",4.759,"49020"
"06037190202",4.357,"25705"
"06037102103",8.788,"67553"
"06037533001",6.682,"38393"
"06037533805",4.732,"45313"
"06037533806",3.862,"28560"
"06037535001",4.100,"35096"
"06037535002",5.149,"37303"
"06037134903",3.704,"57500"
"06037135113",11.173,"71942"
"06037135114",5.808,"53188"
"06037137103",14.532,"77891"
"06037139401",9.194,"52051"
"06037139503",3.295,"39482"
"06037139504",5.450,"48651"
"06037554203",10.054,"50364"
"06037554204",6.748,"34743"
"06037554301",6.826,"55194"
"06037554302",5.960,"49830"
"06037554405",7.631,"41300"
"06037433101",4.925,"59028"
"06037552400",4.728,"53775"
"06037552900",6.648,"50778"
"06037552800",9.429,"57824"
"06037551300",4.364,"48030"
"06037406601",14.332,"78289"
"06037189702",28.043,"59415"
"06037406412",16.876,"108333"
"06037406500",12.189,"71696"
"06037406411",11.000,"75875"
"06037503301",16.102,"83298"
"06037501900",12.592,"71841"
"06037109400",12.132,"56758"
"06037501802",19.075,"62563"
"06037402101",6.348,"58571"
"06037407702",10.308,"56658"
"06037407701",15.817,"51385"
"06037408401",10.486,"65722"
"06037403319",17.308,"72279"
"06037408623",6.793,"71524"
"06037540202",6.365,"31006"
"06037540502",10.021,"32058"
"06037532700",3.498,"28063"
"06037124000",23.628,"90599"
"06037482502",6.964,"37516"
"06037480902",5.782,"41451"
"06037191120",4.696,"29201"
"06037480903",11.440,"56667"
"06037480302",18.573,"68667"
"06037532303",1.623,"60650"
"06037532001",3.701,"39476"
"06037276100",8.408,"63125"
"06037276000",14.130,"105642"
"06037275311",8.565,"68588"
"06037302002",5.318,"44250"
"06037301000",19.392,"55625"
"06037301900",11.704,"49427"
"06037301602",15.869,"52031"
"06037401901",20.612,"58938"
"06037401902",25.664,"64956"
"06037401311",13.954,"69522"
"06037400402",21.165,"91397"
"06037601600",6.618,"36528"
"06037602105",2.542,"41307"
"06037602103",3.956,"33052"
"06037602003",9.323,"38713"
"06037602004",8.349,"46944"
"06037407001",9.315,"56055"
"06037408503",20.052,"84714"
"06037408212",4.151,"60103"
"06037408211",3.974,"49621"
"06037119700",12.244,"60455"
"06037120030",3.767,"34191"
"06037119900",11.336,"64318"
"06037120010",14.552,"47388"
"06037117405",3.486,"30231"
"06037119800",9.784,"70860"
"06037117530",7.105,"39429"
"06037119400",11.321,"73971"
"06037432401",8.874,"41825"
"06037460100",30.465,"105729"
"06037109700",13.584,"69953"
"06037111400",9.919,"47646"
"06037111302",15.342,"58403"
"06037530202",11.631,"58186"
"06037530004",11.182,"63882"
"06037530204",10.177,"50318"
"06037701601",18.961,"103611"
"06037701302",7.418,"66932"
"06037701100",16.247,"27292"
"06037701701",6.658,"63795"
"06037574902",9.003,"50536"
"06037575001",10.970,"69014"
"06037575101",6.597,"41250"
"06037576901",6.475,"33393"
"06037555202",8.794,"90464"
"06037134424",8.955,"161875"
"06037134904",15.317,"43295"
"06037137104",16.640,"90625"
"06037433102",4.998,"32857"
"06037552301",7.279,"76667"
"06037192001",9.057,"52412"
"06037194101",18.466,"75424"
"06037207103",2.059,"18281"
"06037211122",5.557,"33500"
"06037211704",1.934,"37875"
"06037237102",4.141,"21178"
"06037240401",5.206,"32222"
"06037536104",3.305,"42321"
"06037600304",5.380,"26977"
"06037602302",5.603,"119318"
"06037602508",3.808,"38222"
"06037543905",4.713,"57669"
"06037544001",8.248,"55909"
"06037544002",13.870,"88024"
"06037550201",6.828,"54199"
"06037554406",9.835,"65588"
"06037701902",2.487,"38900"
"06037702002",6.214,"66212"
"06037702102",7.867,"87892"
"06037500403",6.255,"57290"
"06037503104",5.316,"65107"
"06037552302",4.207,"58154"
"06037500300",15.700,"92417"
"06037554515",8.820,"90506"
"06037554517",8.795,"95521"
"06037554512",9.847,"96351"
"06037405101",7.133,"50058"
"06037405500",10.507,"59703"
"06037541100",3.692,"49716"
"06037543702",8.421,"77766"
"06037406200",6.981,"36449"
"06037405203",6.187,"60833"
"06037405600",12.739,"68879"
"06037407200",8.037,"47380"
"06037190100",5.202,"37833"
"06037501700",18.673,"73580"
"06037404701",9.134,"58537"
"06037404702",6.829,"47522"
"06037430102",12.757,"60929"
"06037406101",8.862,"58065"
"06037535607",8.467,"52232"
"06037540400",4.413,"43060"
"06037403305",11.272,"84020"
"06037535605",9.973,"35572"
"06037124201",9.343,"54081"
"06037480600",25.771,"71090"
"06037481711",4.043,"36105"
"06037534301",2.513,"32323"
"06037533203",9.735,"37344"
"06037534002",5.379,"49267"
"06037275302",5.686,"100000"
"06037275400",5.583,"85511"
"06037275200",8.218,"45592"
"06037274100",4.533,"107703"
"06037273800",7.368,"76818"
"06037273300",5.037,"70313"
"06037301701",11.447,"59546"
"06037301702",7.707,"46806"
"06037301204",7.478,"58342"
"06037301501",19.998,"95833"
"06037301502",10.583,"42885"
"06037404402",3.811,"71600"
"06037404100",10.367,"72552"
"06037403902",6.595,"60114"
"06037273100",14.338,"100536"
"06037600902",6.700,"34634"
"06037601212",5.215,"40175"
"06037600100",4.326,"24029"
"06037601002",5.314,"47588"
"06037403324",14.787,"105739"
"06037408704",10.687,"46448"
"06037403312",3.851,"69675"
"06037119310",7.861,"55140"
"06037119340",2.393,"34234"
"06037117510",8.683,"32778"
"06037119320",10.784,"44426"
"06037115401",26.195,"50263"
"06037117404",14.863,"63571"
"06037117302",11.972,"80757"
"06037117301",13.305,"84063"
"06037431001",14.597,"71013"
"06037482800",9.191,"64400"
"06037134306",8.563,"61604"
"06037111301",11.037,"47184"
"06037111202",16.118,"80875"
"06037109500",6.987,"59324"
"06037109200",10.427,"73208"
"06037139502",17.345,"58158"
"06037464200",28.262,"131150"
"06037430502",24.527,"83729"
"06037573202",5.250,"39088"
"06037542200",9.311,"50000"
"06037113213",13.494,"79772"
"06037700300",10.480,"74368"
"06037139702",21.519,"147625"
"06037135102",21.181,"59833"
"06037502902",2.744,"52898"
"06037577602",16.315,"85658"
"06037577400",6.932,"72769"
"06037139001",16.588,"71583"
"06037139402",26.324,"96071"
"06037141102",26.183,"71651"
"06037141201",12.319,"56712"
"06037554103",8.808,"57500"
"06037571703",8.327,"30208"
"06037573004",7.550,"31029"
"06037576904",9.825,"37135"
"06037577604",4.271,"91275"
"06037267902",15.386,"85644"
"06037269601",4.988,"46667"
"06037269602",8.978,"49457"
"06037269903",4.252,"42656"
"06037269904",6.450,"49273"
"06037262704",29.295,"98854"
"06037264102",26.827,"83500"
"06037265202",12.095,"74347"
"06037602509",2.722,"36442"
"06037602801",5.829,"28967"
"06037602802",7.674,"52000"
"06037603005",4.277,"33220"
"06037550202",5.913,"70702"
"06037550601",11.286,"63101"
"06037550602",11.559,"72134"
"06037550901",6.410,"44769"
"06037553503",9.748,"46200"
"06037570403",12.133,"37045"
"06037571704",9.007,"42062"
"06037573003",11.426,"37831"
"06037554522",11.405,"103882"
"06037554513",13.096,"90510"
"06037554518",6.949,"91282"
"06037554511",6.391,"85398"
"06037542401",9.080,"43966"
"06037550300",8.552,"72989"
"06037541500",9.064,"40966"
"06037543321",5.646,"85175"
"06037405201",4.772,"48603"
"06037404903",8.604,"53597"
"06037404801",8.000,"42295"
"06037551800",10.537,"60635"
"06037501504",9.350,"34329"
"06037501503",14.116,"56059"
"06037500202",31.695,"126350"
"06037500201",29.251,"112150"
"06037403722",6.123,"52500"
"06037190510",6.642,"26696"
"06037407400",8.320,"76600"
"06037430002",8.774,"58724"
"06037536000",2.247,"44702"
"06037536102",2.888,"51546"
"06037540101",9.487,"48466"
"06037191203",3.280,"27734"
"06037191710",11.639,"25774"
"06037464100",41.814,"163155"
"06037534302",5.527,"41875"
"06037533107",6.530,"36064"
"06037191000",4.651,"32433"
"06037533701",3.199,"34815"
"06037620002",6.933,"71667"
"06037273200",6.860,"70365"
"06037273600",10.227,"87813"
"06037273700",12.512,"69753"
"06037243100",7.091,"23810"
"06037261102",29.617,"180234"
"06037261101",26.938,"163500"
"06037243000",7.969,"40025"
"06037242700",6.845,"27602"
"06037301400",20.411,"103407"
"06037301100",19.502,"73966"
"06037238320",2.481,"25222"
"06037238100",8.730,"43073"
"06037238310",3.060,"23056"
"06037239320",4.794,"26250"
"06037239310",3.714,"31791"
"06037401201",10.454,"95000"
"06037401203",7.876,"68625"
"06037401500",7.003,"52220"
"06037401101",9.881,"58731"
"06037600201",4.251,"28145"
"06037601211",4.574,"39196"
"06037601401",3.347,"43240"
"06037201401",16.379,"44904"
"06037408627",21.304,"101923"
"06037408625",18.300,"96767"
"06037115101",22.860,"109737"
"06037115202",12.636,"59154"
"06037115302",10.128,"37723"
"06037115201",15.149,"53579"
"06037113421",5.385,"44514"
"06037113322",13.459,"89911"
"06037482600",13.841,"78134"
"06037530005",10.858,"67315"
"06037109300",11.012,"68958"
"06037108103",13.157,"123000"
"06037108102",13.866,"97957"
"06037481902",14.616,"52877"
"06037480803",10.108,"77833"
"06037481102",6.210,"49347"
"06037481002",11.192,"57258"
"06037577000",13.057,"48125"
"06037572800",8.887,"17569"
"06037572700",10.352,"54923"
"06037573100",8.045,"51774"
"06037573201",5.274,"35536"
"06037572900",12.622,"39500"
"06037139801",25.142,"145833"
"06037185320",8.393,"40060"
"06037139802",19.730,"145714"
"06037272301",14.669,"84675"
"06037577603",12.486,"89239"
"06037574800",23.420,"78750"
"06037574602",17.184,"109637"
"06037574700",19.107,"-"
"06037141202",28.665,"72798"
"06037141303",6.828,"67847"
"06037141304",23.155,"53750"
"06037143603",19.437,"74960"
"06037183221",24.704,"75938"
"06037206032",6.814,"23533"
"06037208302",7.960,"25672"
"06037208401",5.535,"22437"
"06037208402",9.351,"41203"
"06037208502",8.935,"25565"
"06037208801",16.526,"22878"
"06037208802",11.103,"32790"
"06037209103",3.596,"19357"
"06037269905",1.946,"53936"
"06037271901",11.018,"69006"
"06037271902",17.670,"60302"
"06037272201",6.866,"50560"
"06037272202",7.382,"41214"
"06037273402",2.903,"66985"
"06037273502",2.641,"65227"
"06037278001",10.842,"70238"
"06037104403",6.375,"44954"
"06037104822",4.755,"34796"
"06037108201",9.945,"87841"
"06037603006",5.253,"45236"
"06037603801",3.759,"49115"
"06037603802",4.073,"38265"
"06037604001",6.342,"34397"
"06037604002",5.702,"58750"
"06037402405",8.640,"56304"
"06037550902",8.535,"52028"
"06037551101",3.758,"48495"
"06037551102",2.416,"39773"
"06037431501",9.984,"53217"
"06037431502",13.866,"64718"
"06037433304",6.970,"31333"
"06037433305",10.574,"33857"
"06037554519",9.467,"100096"
"06037554403",5.349,"41500"
"06037554404",5.839,"51326"
"06037554201",8.996,"63021"
"06037543201",11.310,"50313"
"06037543304",9.021,"87273"
"06037543400",5.039,"81750"
"06037543202",6.292,"35868"
"06037405400",8.766,"81356"
"06037404902",9.779,"60389"
"06037403600",18.726,"88912"
"06037403703",14.173,"88438"
"06037501300",13.138,"71860"
"06037501400",8.785,"47759"
"06037501501",19.705,"88875"
"06037501200",8.654,"63102"
"06037405800",8.458,"69691"
"06037405001",5.609,"53911"
"06037404802",6.382,"46196"
"06037404803",4.153,"59583"
"06037482521",17.948,"60625"
"06037535802",12.398,"40265"
"06037535901",9.308,"50852"
"06037535702",6.890,"36594"
"06037464000",29.029,"106529"
"06037463300",25.292,"96938"
"06037463900",28.347,"97375"
"06037701502",4.597,"70675"
"06037703200",15.679,"85288"
"06037700600",34.935,"217546"
"06037242600",6.621,"12426"
"06037242300",7.748,"38281"
"06037242200",11.054,"34154"
"06037181600",24.369,"53884"
"06037242000",9.180,"32835"
"06037239330",2.011,"36767"
"06037237900",8.733,"41513"
"06037237710",3.439,"31740"
"06037237800",6.619,"47069"
"06037237720",3.835,"19856"
"06037237600",3.783,"24157"
"06037237500",4.494,"30645"
"06037237300",6.102,"44058"
"06037401102",7.515,"58786"
"06037401001",11.580,"110815"
"06037400800",9.866,"67059"
"06037600912",16.478,"50313"
"06037600704",10.898,"60583"
"06037601302",5.732,"42149"
"06037601001",5.925,"29333"
"06037408303",17.702,"81349"
"06037430803",21.708,"81750"
"06037128500",19.155,"63852"
"06037113401",13.207,"66842"
"06037113303",6.557,"86786"
"06037113301",11.528,"105208"
"06037113231",10.718,"88015"
"06037113321",5.611,"56132"
"06037113232",20.945,"77019"
"06037482522",14.717,"65516"
"06037482303",9.599,"46156"
"06037482401",6.294,"42384"
"06037108101",10.627,"101728"
"06037107020",12.386,"59635"
"06037106641",16.756,"106418"
"06037107010",12.332,"69489"
"06037481001",6.469,"36616"
"06037531302",4.842,"37868"
"06037480901",5.784,"48734"
"06037480802",5.760,"58311"
"06037575300",4.601,"27690"
"06037573300",4.450,"28974"
"06037572600",10.081,"57568"
"06037575500",2.386,"-"
"06037272302",7.075,"44477"
"06037272100",12.970,"85147"
"06037271802",7.695,"56722"
"06037271702",11.946,"55798"
"06037271801",11.310,"45637"
"06037271701",19.945,"78908"
"06037574000",15.103,"103478"
"06037601402",8.870,"53355"
"06037670201",40.342,"126400"
"06037670407",15.445,"96543"
"06037183222",28.493,"44615"
"06037183401",15.977,"60417"
"06037183402",12.540,"45114"
"06037209104",6.777,"18444"
"06037211201",4.411,"35270"
"06037211921",2.295,"33237"
"06037212502",4.498,"41037"
"06037212702",20.783,"76063"
"06037214501",11.586,"97100"
"06037215101",8.444,"53750"
"06037215102",2.184,"64953"
"06037216401",5.099,"53487"
"06037216402",5.040,"52841"
"06037273902",4.469,"96801"
"06037274202",2.427,"127909"
"06037275102",13.287,"50595"
"06037275500",9.204,"42019"
"06037275603",10.479,"59007"
"06037501803",8.882,"34329"
"06037501804",13.671,"41964"
"06037502003",11.487,"63229"
"06037502004",5.914,"63672"
"06037502005",7.579,"75789"
"06037402705",5.642,"68889"
"06037402706",8.902,"64464"
"06037402803",7.505,"36047"
"06037402804",5.098,"40739"
"06037402903",4.958,"47750"
"06037551401",7.357,"37886"
"06037551402",7.576,"63378"
"06037551501",12.058,"61883"
"06037551502",9.525,"54419"
"06037433306",10.273,"41576"
"06037433307",9.150,"55402"
"06037433504",4.244,"38972"
"06037434003",9.330,"45208"
"06037700102",6.710,"25913"
"06037800203",15.953,"141410"
"06037554002",7.489,"48188"
"06037553400",7.512,"61250"
"06037106604",7.816,"52727"
"06037554900",5.669,"60361"
"06037543503",5.161,"61833"
"06037543000",4.570,"44350"
"06037542501",7.037,"48750"
"06037540600",9.834,"32833"
"06037403407",8.311,"143750"
"06037403404",16.097,"109049"
"06037530400",6.516,"29338"
"06037502500",4.200,"46944"
"06037502402",10.551,"64333"
"06037405202",7.456,"47656"
"06037403801",5.552,"73246"
"06037190700",4.726,"27836"
"06037535902",11.328,"61938"
"06037535606",8.346,"24458"
"06037535604",12.113,"37196"
"06037535503",10.760,"32898"
"06037535501",5.959,"36171"
"06037535603",5.584,"27396"
"06037463500",21.015,"63417"
"06037463800",35.166,"149211"
"06037463700",21.797,"120221"
"06037703100",14.605,"73563"
"06037124600",21.789,"68911"
"06037291130",5.564,"54342"
"06037125310",6.740,"42288"
"06037241400",7.105,"32885"
"06037241120",3.989,"25768"
"06037241300",7.773,"27660"
"06037241110",4.570,"26384"
"06037242100",9.286,"11893"
"06037262200",20.722,"231648"
"06037125600",23.729,"86226"
"06037236100",6.083,"21153"
"06037236000",23.142,"64215"
"06037235201",8.496,"38824"
"06037235202",6.328,"22629"
"06037401002",14.722,"56060"
"06037406102",7.898,"53583"
"06037404301",11.021,"43322"
"06037404302",12.234,"51806"
"06037601301",11.257,"69479"
"06037600802",14.517,"50478"
"06037601202",9.424,"50208"
"06037600911",13.547,"43828"
"06037601303",3.487,"41693"
"06037408706",16.517,"103500"
"06037408624",10.542,"87292"
"06037431200",16.248,"53478"
"06037408402",27.673,"82201"
"06037113211",11.515,"92909"
"06037113234",9.295,"32462"
"06037113212",12.804,"74196"
"06037111204",17.115,"113818"
"06037481103",10.616,"58074"
"06037482301",9.779,"45496"
"06037480500",26.329,"102050"
"06037106403",11.955,"58750"
"06037104810",7.364,"62150"
"06037104500",8.150,"49074"
"06037575202",4.628,"38506"
"06037575201",5.608,"32824"
"06037577501",4.553,"92067"
"06037543701",4.683,"76440"
"06037106643",14.065,"136147"
"06037531901",5.205,"39963"
"06037531902",5.751,"35323"
"06037573403",9.935,"97069"
"06037575802",5.119,"32207"
"06037571800",25.758,"97361"
"06037271200",8.455,"60638"
"06037271300",12.798,"79244"
"06037271500",17.464,"86389"
"06037271600",15.528,"71481"
"06037271400",13.558,"100625"
"06037670100",15.464,"66670"
"06037203600",5.601,"30677"
"06037183701",17.487,"41786"
"06037183702",27.083,"58214"
"06037186201",25.739,"43144"
"06037217001",11.425,"85833"
"06037217002",9.707,"56715"
"06037218701",10.049,"38073"
"06037218702",10.860,"40644"
"06037219902",6.723,"37310"
"06037221303",7.410,"30875"
"06037221304",6.088,"26835"
"06037221401",16.919,"21008"
"06037461502",17.296,"49519"
"06037461901",13.324,"51719"
"06037461902",6.933,"47155"
"06037462001",19.582,"47617"
"06037462002",14.916,"38026"
"06037462201",16.810,"32228"
"06037462202",6.696,"42300"
"06037502801",12.200,"76477"
"06037503103",11.004,"74903"
"06037503105",15.912,"61400"
"06037503106",8.420,"60186"
"06037402904",5.093,"53125"
"06037104108",8.450,"46875"
"06037104203",7.161,"35556"
"06037106406",9.263,"66844"
"06037552001",8.280,"64183"
"06037552002",5.037,"63214"
"06037651304",16.115,"97990"
"06037651401",22.855,"50316"
"06037434004",8.608,"63750"
"06037267901",10.720,"83036"
"06037269906",5.208,"64025"
"06037269907",4.907,"56750"
"06037276603",6.686,"82188"
"06037276604",10.145,"76504"
"06037402406",8.543,"53214"
"06037404503",8.929,"59621"
"06037554802",6.318,"56875"
"06037553300",5.356,"54286"
"06037543100",5.432,"45250"
"06037542402",8.116,"50538"
"06037542900",2.856,"40529"
"06037542700",6.432,"44737"
"06037542800",6.099,"52472"
"06037542602",6.288,"35500"
"06037542601",6.903,"38625"
"06037403402",5.875,"82206"
"06037189800",17.381,"55918"
"06037403403",11.629,"128672"
"06037403405",6.513,"143125"
"06037403406",12.574,"65817"
"06037502700",3.651,"51132"
"06037502302",4.784,"40703"
"06037400900",10.074,"62267"
"06037408722",15.108,"77436"
"06037401704",6.342,"56176"
"06037535701",10.786,"44545"
"06037535502",12.504,"41906"
"06037535803",11.231,"35993"
"06037535804",6.379,"42143"
"06037534001",6.465,"36786"
"06037533901",4.727,"42697"
"06037463400",24.973,"72220"
"06037463200",23.270,"66125"
"06037462600",23.960,"125938"
"06037291120",3.448,"31466"
"06037231600",6.358,"30189"
"06037703001",11.672,"70009"
"06037291110",7.722,"40866"
"06037240800",5.072,"30643"
"06037240900",4.634,"32981"
"06037240500",4.983,"31940"
"06037238000",9.259,"54157"
"06037240600",6.245,"33194"
"06037240700",8.858,"31167"
"06037234000",9.062,"51846"
"06037234600",8.249,"42241"
"06037235100",10.741,"68371"
"06037234800",6.256,"53476"
"06037234700",6.164,"32019"
"06037234300",6.537,"37273"
"06037404401",5.668,"53524"
"06037600602",2.750,"23995"
"06037602402",6.664,"53472"
"06037600703",8.618,"74171"
"06037602403",3.991,"45263"
"06037128220",21.382,"46155"
"06037408626",17.847,"71875"
"06037408501",9.104,"58523"
"06037111100",11.671,"78529"
"06037109800",13.229,"77411"
"06037111201",15.763,"89403"
"06037106111",11.746,"79549"
"06037104610",4.838,"34406"
"06037481713",5.174,"39676"
"06037481603",9.725,"43684"
"06037481402",8.689,"46250"
"06037481604",8.750,"46794"
"06037481500",11.118,"59359"
"06037572202",10.730,"80764"
"06037543903",5.491,"70042"
"06037294200",5.918,"69543"
"06037101110",18.771,"55214"
"06037294410",10.301,"51735"
"06037531702",2.285,"39654"
"06037531800",3.088,"39848"
"06037531604",3.103,"31075"
"06037531701",3.211,"39923"
"06037531603",4.764,"47892"
"06037531301",5.604,"30946"
"06037573402",5.232,"56663"
"06037573002",3.096,"27368"
"06037113233",8.102,"45161"
"06037575402",2.579,"29750"
"06037141500",26.093,"160197"
"06037271100",17.300,"53393"
"06037270300",7.505,"42083"
"06037270200",8.320,"50769"
"06037270100",6.921,"60134"
"06037269800",9.543,"57589"
"06037651101",3.738,"84821"
"06037211120",8.106,"49086"
"06037186202",15.651,"63173"
"06037186203",36.256,"75544"
"06037186302",28.110,"71756"
"06037980010",29.632,"42500"
"06037980013",3.787,"-"
"06037462301",16.455,"44246"
"06037462302",10.286,"64224"
"06037463601",9.227,"67837"
"06037463602",8.875,"66384"
"06037480303",9.625,"49966"
"06037301801",8.855,"40523"
"06037301802",5.765,"36845"
"06037302003",5.992,"30918"
"06037302004",8.103,"46763"
"06037302401",4.536,"36791"
"06037302503",10.121,"31637"
"06037106646",12.723,"92138"
"06037106649",10.100,"78654"
"06037108202",3.916,"115093"
"06037651402",15.245,"86959"
"06037670324",43.543,"143120"
"06037670326",32.305,"183889"
"06037670328",28.577,"175703"
"06037293306",19.236,"80074"
"06037265602",14.289,"121250"
"06037267404",7.645,"82342"
"06037570404",10.444,"46250"
"06037571503",6.921,"73506"
"06037571504",8.802,"60553"
"06037408004",27.643,"72067"
"06037408006",8.415,"65000"
"06037408136",8.701,"69200"
"06037543703",3.640,"82303"
"06037542502",7.649,"27589"
"06037197200",11.393,"42051"
"06037197300",27.589,"51058"
"06037195802",10.462,"39004"
"06037543502",6.906,"66740"
"06037543305",5.093,"46733"
"06037541801",8.689,"50670"
"06037541700",12.366,"57500"
"06037403401",12.895,"73656"
"06037407900",8.239,"72665"
"06037503602",22.244,"109552"
"06037113422",13.639,"63750"
"06037651102",6.932,"55239"
"06037481101",8.650,"47215"
"06037531602",3.069,"35223"
"06037534804",6.075,"38088"
"06037534202",5.163,"38365"
"06037533803",5.278,"38767"
"06037533702",6.567,"37209"
"06037300400",22.556,"82125"
"06037462700",18.956,"55839"
"06037462900",11.068,"84167"
"06037277200",2.878,"60083"
"06037125320",3.866,"42465"
"06037460800",16.873,"176364"
"06037108104",15.630,"101429"
"06037400304",13.362,"66889"
"06037104103",11.784,"65270"
"06037238200",5.347,"32128"
"06037240300",4.595,"25765"
"06037240200",3.698,"25000"
"06037240020",7.650,"37955"
"06037238400",8.088,"41907"
"06037240010",5.046,"19826"
"06037143602",19.925,"82470"
"06037141700",29.401,"140357"
"06037232700",3.103,"29500"
"06037232800",3.462,"28547"
"06037232500",6.107,"26328"
"06037232600",4.050,"40467"
"06037232110",4.311,"21786"
"06037232200",7.860,"26912"
"06037232300",6.343,"29291"
"06037232400",5.594,"34695"
"06037231720",3.900,"27985"
"06037311400",18.724,"69286"
"06037311500",20.385,"72250"
"06037311200",14.949,"74297"
"06037602404",3.579,"42679"
"06037603001",4.848,"39657"
"06037128303",5.362,"31037"
"06037602002",6.556,"44408"
"06037602106",4.315,"51845"
"06037128302",8.123,"31386"
"06037403408",17.031,"103549"
"06037403702",7.894,"86250"
"06037541002",4.091,"41463"
"06037540203",9.642,"32348"
"06037540300",5.893,"44155"
"06037482701",8.193,"61065"
"06037530006",9.371,"62973"
"06037106010",9.719,"74495"
"06037294620",6.052,"42367"
"06037576502",6.853,"38750"
"06037543604",5.889,"85192"
"06037294610",11.851,"35571"
"06037294110",5.428,"63750"
"06037294820",2.910,"30917"
"06037531202",3.887,"31875"
"06037531201",5.934,"40373"
"06037531102",7.047,"35162"
"06037531101",3.117,"34717"
"06037531000",6.331,"41528"
"06037294810",4.448,"36202"
"06037296210",8.298,"21779"
"06037294900",4.998,"39153"
"06037294510",7.091,"42775"
"06037294830",2.971,"27589"
"06037575801",6.734,"29932"
"06037269700",10.344,"60625"
"06037269300",31.956,"137683"
"06037269500",24.121,"155000"
"06037269000",28.424,"117404"
"06037670411",22.033,"118768"
"06037670003",10.779,"56528"
"06037186403",8.127,"42571"
"06037186404",16.425,"44875"
"06037187101",11.641,"53826"
"06037188201",25.168,"71392"
"06037188202",29.531,"72961"
"06037189101",8.057,"61008"
"06037980014",0.858,"31250"
"06037222002",5.684,"40369"
"06037226001",2.400,"29423"
"06037980001",0.550,"-"
"06037302504",7.363,"34258"
"06037310201",19.479,"59479"
"06037310202",20.823,"68506"
"06037310501",4.543,"50426"
"06037111205",14.484,"71292"
"06037102104",11.409,"86848"
"06037113237",10.061,"79625"
"06037542105",11.324,"47692"
"06037670416",23.616,"104792"
"06037670602",18.033,"133132"
"06037700101",11.508,"32850"
"06037700501",9.830,"62526"
"06037573601",12.828,"89875"
"06037800408",28.162,"130734"
"06037408137",12.724,"52455"
"06037408138",12.465,"49583"
"06037408139",9.916,"46731"
"06037408630",8.187,"42736"
"06037197410",36.471,"57315"
"06037195710",10.813,"33125"
"06037195720",12.303,"38011"
"06037195500",24.247,"72011"
"06037540000",6.453,"38560"
"06037541604",8.998,"37277"
"06037541200",4.477,"61042"
"06037541300",8.216,"50673"
"06037401312",10.397,"65500"
"06037401701",11.174,"70929"
"06037503302",9.069,"54631"
"06037503201",9.286,"69375"
"06037480201",26.788,"105000"
"06037480012",11.162,"54417"
"06037480101",11.072,"69631"
"06037533503",4.506,"37083"
"06037533201",4.572,"41328"
"06037533502",7.062,"51190"
"06037533202",9.902,"45761"
"06037533300",5.153,"36548"
"06037463101",13.015,"61346"
"06037462800",13.033,"60873"
"06037463000",13.244,"110625"
"06037462500",17.233,"98482"
"06037201504",14.315,"47111"
"06037201120",15.658,"41563"
"06037194200",24.797,"122125"
"06037192300",26.337,"71419"
"06037191610",9.389,"45154"
"06037191820",3.337,"34196"
"06037191410",5.213,"31673"
"06037143400",25.525,"79957"
"06037143300",20.703,"68013"
"06037143200",17.844,"50989"
"06037143100",26.737,"90500"
"06037231210",6.930,"27900"
"06037231900",5.333,"27176"
"06037231100",2.632,"22255"
"06037231800",4.079,"21684"
"06037229420",4.337,"29148"
"06037229410",3.959,"31121"
"06037229300",6.045,"29857"
"06037229100",7.244,"42983"
"06037228720",6.391,"31577"
"06037310900",18.583,"80370"
"06037461400",26.056,"60081"
"06037408800",6.294,"23362"
"06037406602",11.557,"68006"
"06037408703",12.941,"100417"
"06037408705",8.863,"60625"
"06037403322",11.792,"79423"
"06037403323",14.454,"86319"
"06037541606",9.121,"34357"
"06037500600",6.146,"45132"
"06037128702",17.049,"64562"
"06037500402",5.316,"39958"
"06037500500",4.819,"48824"
"06037103101",14.949,"76500"
"06037123103",7.925,"52042"
"06037530101",9.252,"34962"
"06037134421",18.338,"105161"
"06037482503",5.617,"42431"
"06037530901",5.545,"44225"
"06037530801",11.656,"39302"
"06037530902",9.090,"23007"
"06037104320",4.773,"50341"
"06037104620",8.481,"48281"
"06037104401",8.719,"59211"
"06037297000",18.002,"66654"
"06037575803",3.080,"21270"
"06037575102",5.586,"29899"
"06037575901",11.245,"36976"
"06037575401",2.225,"38060"
"06037575902",2.537,"31089"
"06037301601",5.218,"32243"
"06037670202",36.602,"145227"
"06037670406",24.734,"162813"
"06037430721",9.528,"65224"
"06037189102",25.353,"63809"
"06037189202",32.468,"98407"
"06037189905",15.067,"44864"
"06037190802",4.696,"30087"
"06037191301",5.146,"32167"
"06037191302",4.381,"44387"
"06037226002",1.209,"26197"
"06037221402",10.699,"35058"
"06037221601",8.653,"41472"
"06037221602",5.357,"35066"
"06037222001",7.785,"31625"
"06037234902",4.138,"25960"
"06037980002",0.717,"-"
"06037980005",2.636,"-"
"06037310601",10.558,"53704"
"06037310602",16.594,"88587"
"06037320201",7.527,"38176"
"06037542106",5.489,"45139"
"06037543306",5.386,"64593"
"06037620305",4.906,"124500"
"06037700502",11.753,"70816"
"06037700801",7.463,"61637"
"06037700802",7.791,"66585"
"06037701304",22.459,"114708"
"06037408723",10.615,"53071"
"06037408724",5.680,"35031"
"06037430901",12.485,"60250"
"06037430902",15.499,"73358"
"06037195100",27.298,"97878"
"06037195600",14.259,"51111"
"06037192620",3.778,"36280"
"06037194300",25.710,"134536"
"06037192700",8.955,"30156"
"06037543802",3.618,"62788"
"06037543801",3.416,"71855"
"06037106642",17.077,"76908"
"06037401601",5.601,"62474"
"06037404000",8.733,"68827"
"06037115301",17.109,"64849"
"06037503000",6.212,"52750"
"06037117303",13.204,"65815"
"06037432102",8.033,"65000"
"06037432402",6.532,"33818"
"06037432101",9.396,"78125"
"06037533402",6.081,"33616"
"06037533403",4.967,"37115"
"06037533703",3.459,"35408"
"06037534405",3.877,"41719"
"06037461600",14.004,"44919"
"06037462100",18.636,"46381"
"06037462400",27.303,"69417"
"06037461700",16.709,"130625"
"06037191810",2.619,"30582"
"06037191500",4.481,"34896"
"06037191420",6.388,"39680"
"06037191720",4.751,"32188"
"06037191620",4.920,"33073"
"06037191204",6.239,"30272"
"06037191201",7.210,"27441"
"06037191110",4.023,"23479"
"06037190902",3.995,"34342"
"06037141302",19.038,"66393"
"06037141400",19.453,"105875"
"06037131020",16.108,"59500"
"06037139703",22.648,"121250"
"06037228710",6.719,"28365"
"06037231300",6.683,"29602"
"06037703002",8.786,"98659"
"06037181000",19.127,"71038"
"06037127210",7.341,"42552"
"06037461000",9.887,"59264"
"06037461300",20.555,"69196"
"06037408628",14.499,"67813"
"06037135201",20.183,"77093"
"06037135111",16.852,"81406"
"06037134901",15.123,"61729"
"06037134800",14.447,"66755"
"06037134720",11.779,"51773"
"06037406300",22.098,"79311"
"06037403316",11.053,"104196"
"06037403500",14.760,"82679"
"06037553902",7.341,"38902"
"06037128910",20.568,"60148"
"06037433902",10.522,"48681"
"06037433802",11.796,"70117"
"06037300502",21.683,"68180"
"06037300600",19.193,"66593"
"06037300702",7.688,"127366"
"06037482402",13.897,"48038"
"06037482304",7.096,"37928"
"06037481401",8.986,"44528"
"06037104701",6.346,"28355"
"06037104310",5.474,"50350"
"06037104201",6.227,"45089"
"06037104105",6.149,"41714"
"06037103400",18.307,"61698"
"06037576402",5.409,"30268"
"06037575103",6.120,"35534"
"06037576403",4.741,"32010"
"06037576401",3.397,"29255"
"06037576200",2.378,"35243"
"06037576503",5.356,"33632"
"06037576501",4.636,"31490"
"06037651002",7.709,"79250"
"06037651302",20.625,"94572"
"06037651222",8.174,"79466"
"06037670500",31.578,"213906"
"06037191901",3.316,"54928"
"06037191902",15.140,"64710"
"06037192002",13.548,"79667"
"06037194102",20.569,"139048"
"06037194401",10.766,"64167"
"06037194402",11.528,"79432"
"06037195201",18.353,"63074"
"06037236203",6.461,"26958"
"06037236204",7.224,"27338"
"06037237101",5.015,"31583"
"06037237201",7.890,"31531"
"06037237202",4.328,"36018"
"06037237401",7.485,"31953"
"06037237402",7.041,"28924"
"06037980006",25.081,"-"
"06037980007",2.760,"-"
"06037980008",1.002,"31681"
"06037320202",10.815,"59454"
"06037113235",10.858,"71611"
"06037115103",12.193,"167866"
"06037620904",3.403,"112986"
"06037621004",7.562,"89224"
"06037621104",4.165,"94242"
"06037621204",3.564,"64391"
"06037621324",5.342,"94891"
"06037701402",5.403,"63936"
"06037406901",8.627,"48277"
"06037406902",7.417,"69471"
"06037407501",7.161,"59255"
"06037980015",12.666,"14975"
"06037980021",22.342,"-"
"06037195400",26.415,"67213"
"06037192610",8.824,"30307"
"06037192520",4.579,"32289"
"06037192510",4.322,"35808"
"06037192410",14.528,"54500"
"06037192420",6.483,"49508"
"06037543602",6.272,"60409"
"06037543322",5.396,"86411"
"06037541001",1.415,"31960"
"06037400204",18.408,"130145"
"06037401602",9.573,"66228"
"06037530003",13.970,"70208"
"06037502601",7.874,"76122"
"06037502602",11.872,"57045"
"06037432000",9.932,"65566"
"06037431900",10.051,"58413"
"06037463102",22.354,"78971"
"06037534406",4.671,"42364"
"06037534802",8.781,"46875"
"06037533902",4.856,"37024"
"06037534803",8.706,"31997"
"06037460900",12.571,"48912"
"06037460302",16.162,"74607"
"06037533804",7.024,"37059"
"06037199700",3.763,"29175"
"06037190520",5.204,"21439"
"06037190301",8.361,"29548"
"06037189902",6.734,"53877"
"06037123420",11.893,"30899"
"06037139701",25.748,"119886"
"06037139200",17.538,"51250"
"06037139302",5.805,"50127"
"06037137502",17.616,"86125"
"06037702803",7.517,"54128"
"06037702700",16.088,"120144"
"06037460502",24.649,"158750"
"06037461200",29.409,"116667"
"06037134520",4.996,"40897"
"06037134710",12.667,"38933"
"06037134422",19.081,"87383"
"06037134305",8.346,"33242"
"06037134302",16.172,"76226"
"06037134304",13.964,"75313"
"06037551900",10.921,"65463"
"06037552100",6.983,"42214"
"06037552200",5.629,"46149"
"06037433601",7.166,"46207"
"06037433801",4.591,"36978"
"06037433700",10.070,"54621"
"06037433402",5.801,"34690"
"06037310703",6.413,"55162"
"06037277400",4.774,"45909"
"06037481901",10.717,"70647"
"06037404600",2.831,"61719"
"06037481300",8.150,"57976"
"06037432201",8.409,"41121"
"06037576601",4.276,"46778"
"06037576801",10.074,"32073"
"06037576802",9.764,"54425"
"06037670702",36.382,"184718"
"06037101220",18.608,"42367"
"06037670405",19.408,"126000"
"06037601501",4.503,"32076"
"06037296600",5.818,"35559"
"06037195202",27.041,"112226"
"06037195803",18.387,"61862"
"06037195804",15.141,"55341"
"06037195901",21.698,"36705"
"06037195902",25.153,"56520"
"06037195903",11.744,"41250"
"06037201601",12.846,"47276"
"06037239201",2.990,"22730"
"06037239202",2.196,"40099"
"06037239501",6.458,"32102"
"06037239502",5.644,"30167"
"06037239601",5.041,"28232"
"06037239602",5.222,"35051"
"06037239701",4.916,"28093"
"06037980018",3.922,"-"
"06037278102",4.482,"111964"
"06037293307",3.875,"54621"
"06037294301",6.929,"68906"
"06037294302",6.160,"47615"
"06037294421",6.292,"32778"
"06037120105",8.589,"31917"
"06037122122",4.346,"27734"
"06037125401",3.704,"56230"
"06037127605",14.603,"32931"
"06037127805",14.121,"48995"
"06037183103",15.008,"46667"
"06037621326",3.319,"76579"
"06037650003",7.668,"42315"
"06037650004",12.224,"66378"
"06037650401",5.268,"84719"
"06037407502",9.433,"52396"
"06037407601",6.264,"55188"
"06037407602",7.512,"58179"
"06037407801",9.822,"71458"
"06037406702",8.895,"56328"
"06037433503",4.431,"60341"
"06037302505",6.135,"26970"
"06037302506",27.864,"49259"
"06037980022",4.323,"-"
"06037980023",10.663,"-"
"06037702501",18.099,"81786"
"06037189400",32.542,"94133"
"06037700901",8.988,"84844"
"06037311600",15.991,"81987"
"06037543603",5.181,"60587"
"06037540102",12.129,"51071"
"06037542000",11.088,"43523"
"06037403320",10.537,"102083"
"06037403317",11.076,"92574"
"06037403318",9.830,"77292"
"06037531502",3.891,"38305"
"06037550500",13.914,"66693"
"06037550800",10.523,"61835"
"06037502901",6.551,"87688"
"06037431600",14.052,"96509"
"06037430200",22.535,"89545"
"06037534101",5.277,"35938"
"06037533603",4.728,"36678"
"06037205120",1.995,"25873"
"06037533501",4.709,"39875"
"06037533602",5.248,"40924"
"06037533601",5.004,"35259"
"06037189300",34.089,"132083"
"06037187102",7.872,"53980"
"06037186401",5.177,"29944"
"06037137401",22.452,"98711"
"06037702502",14.733,"79840"
"06037702802",15.744,"78750"
"06037702801",8.285,"65112"
"06037460600",31.083,"139444"
"06037461100",23.906,"63973"
"06037460501",16.346,"156250"
"06037300800",13.229,"83625"
"06037131010",16.920,"46048"
"06037131100",17.088,"79375"
"06037134201",10.661,"69233"
"06037131300",16.750,"68456"
"06037134103",14.113,"61044"
"06037134101",14.455,"64490"
"06037133100",15.279,"63596"
"06037551000",11.545,"91198"
"06037550100",7.305,"59934"
"06037550000",6.972,"98438"
"06037553602",9.974,"41875"
"06037433501",2.847,"34000"
"06037433302",3.956,"33598"
"06037433200",7.894,"43277"
"06037311300",14.968,"77097"
"06037311000",13.528,"68265"
"06037311100",14.612,"77528"
"06037310800",14.383,"64974"
"06037137402",22.096,"100913"
"06037530102",7.907,"35995"
"06037137501",17.748,"70029"
"06037574400",22.042,"100442"
"06037101210",10.259,"42664"
"06037574100",12.927,"87857"
"06037572201",11.403,"73051"
"06037294520",8.100,"47981"
"06037670002",9.609,"63438"
"06037670701",22.336,"98864"
"06037201602",8.126,"59125"
"06037101122",15.849,"102719"
"06037102105",9.540,"44087"
"06037104124",11.765,"73750"
"06037104404",6.365,"35727"
"06037980030",4.144,"-"
"06037294701",2.054,"28977"
"06037296401",21.806,"92596"
"06037296402",20.570,"74125"
"06037296901",4.760,"39375"
"06037296902",4.043,"54878"
"06037183104",19.481,"74940"
"06037186301",22.712,"53774"
"06037206031",0.743,"53096"
"06037650901",7.176,"56387"
"06037404201",9.097,"38145"
"06037404202",9.707,"52708"
"06037404504",8.334,"40462"
"06037407802",25.713,"71809"
"06037408005",24.207,"76882"
"06037408140",8.773,"49276"
"06037401303",8.531,"83571"
"06037401304",16.462,"102904"
"06037408003",18.950,"91250"
"06037980024",17.501,"201250"
"06037980025",1.758,"-"
"06037700902",8.545,"64664"
"06037701202",8.258,"90270"
"06037189500",22.979,"53485"
"06037189600",24.936,"52755"
"06037189701",24.525,"70929"
"06037536200",6.437,"45625"
"06037201700",11.707,"53112"
"06037403321",6.101,"88750"
"06037403304",14.693,"95593"
"06037120400",10.189,"36082"
"06037502401",9.990,"61413"
"06037122000",5.848,"63786"
"06037122200",4.501,"46103"
"06037430501",14.534,"99891"
"06037430600",28.879,"166146"
"06037430400",22.437,"109323"
"06037431100",10.307,"49167"
"06037430723",6.910,"51591"
"06037430302",27.941,"106644"
"06037533105",6.349,"30833"
"06037533104",2.836,"24652"
"06037534102",6.753,"35745"
"06037533106",10.955,"42540"
"06037532800",4.871,"26706"
"06037534203",10.289,"37739"
"06037183220",8.965,"52615"
"06037186100",23.001,"79394"
"06037185310",10.686,"44360"
"06037137504",16.642,"118409"
"06037137201",19.120,"60354"
"06037137301",30.906,"145120"
"06037702400",8.227,"81782"
"06037127220",12.737,"30701"
"06037700400",10.046,"61534"
"06037460200",27.189,"87240"
"06037460301",15.168,"99247"
"06037139301",25.674,"90846"
"06037131900",16.582,"64561"
"06037132700",17.186,"45484"
"06037133000",14.791,"66786"
"06037132300",16.525,"30172"
"06037131800",18.502,"42156"
"06037131400",15.680,"56676"
"06037134104",10.432,"60547"
"06037128400",13.852,"53924"
"06037551700",8.637,"54458"
"06037551202",8.494,"62541"
"06037551201",8.094,"63814"
"06037550400",11.585,"79167"
"06037433403",7.746,"30278"
"06037434001",8.535,"47852"
"06037433602",7.763,"39080"
"06037134303",14.868,"82212"
"06037310702",5.062,"39810"
"06037310701",6.894,"31898"
"06037310300",17.531,"103500"
"06037310400",13.710,"59896"
"06037482702",11.180,"42063"
"06037482102",22.138,"65521"
"06037482202",6.915,"57755"
"06037482201",10.090,"59710"
"06037575002",10.056,"65536"
"06037577100",10.194,"60513"
"06037574901",14.666,"102434"
"06037574500",15.926,"101707"
"06037702600",13.355,"89333"
"06037651001",11.384,"67212"
"06037104703",2.197,"42045"
"06037104704",5.380,"51316"
"06037104821",9.246,"49071"
"06037106405",10.790,"50742"
"06037106407",5.345,"34054"
"06037106408",6.534,"43333"
"06037106648",10.794,"38542"
"06037109603",12.099,"67910"
"06037990300",,"-"
"06037297201",5.796,"44830"
"06037297202",4.284,"59900"
"06037297601",13.988,"82778"
"06037297602",13.009,"74634"
"06037104204",4.083,"44453"
"06037531503",5.266,"31507"
"06037531504",4.831,"34688"
"06037400207",18.979,"117072"
"06037402001",12.982,"37964"
"06037402002",19.399,"64266"
"06037405301",5.767,"50335"
"06037405302",11.593,"76670"
"06037405701",8.591,"76750"
"06037408141",6.773,"58500"
"06037406701",9.809,"56192"
"06037408504",11.328,"76757"
"06037576301",4.160,"32488"
"06037576302",4.262,"29135"
"06037576903",5.297,"37839"
"06037980028",1.541,"-"
"06037311801",13.854,"58125"
"06037137000",23.836,"95227"
"06037407101",7.210,"48750"
"06037407301",7.615,"61739"
"06037408301",11.921,"64875"
"06037109100",10.216,"45724"
"06037503601",13.649,"81250"
"06037503502",12.170,"69408"
"06037403000",6.541,"52224"
"06037403303",4.281,"67708"
"06037402404",14.806,"-"
"06037402902",11.882,"49917"
"06037500700",6.486,"70697"
"06037500800",7.756,"53843"
"06037432202",6.769,"59483"
"06037431800",7.069,"62117"
"06037431400",15.147,"75110"
"06037430802",19.941,"93125"
"06037431700",14.837,"74167"
"06037400602",9.277,"50516"
"06037481202",9.200,"58348"
"06037400302",7.835,"66332"
"06037400206",16.555,"128313"
"06037532605",2.250,"26082"
"06037532604",4.097,"41331"
"06037532603",2.962,"32109"
"06037532606",5.451,"31432"
"06037188300",13.197,"57188"
"06037185202",34.773,"38356"
"06037185100",40.618,"61500"
"06037131600",20.809,"68152"
"06037131200",21.844,"73611"
"06037132900",21.524,"66597"
"06037127102",7.543,"37455"
"06037125100",20.222,"62307"
"06037124700",21.709,"74657"
"06037125200",21.831,"48393"
"06037301203",18.564,"66585"
"06037301300",25.233,"138750"
"06037139303",5.768,"43514"
"06037137302",18.163,"101628"
"06037135203",13.181,"90517"
"06037128210",6.778,"31250"
"06037127910",10.147,"29819"
"06037127920",15.949,"53125"
"06037127400",5.623,"42434"
"06037127300",12.881,"42326"
"06037124500",26.653,"77813"
"06037124300",9.898,"47305"
"06037123601",15.906,"44912"
"06037551600",8.202,"-"
"06037550700",9.916,"80877"
"06037541603",4.953,"30518"
"06037433901",8.091,"31641"
"06037433401",8.343,"42170"
"06037432802",3.835,"38446"
"06037431300",20.465,"81250"
"06037106020",14.116,"82600"
"06037482101",12.985,"60440"
"06037482002",12.779,"69375"
"06037530602",9.885,"25357"
"06037530601",10.828,"47557"
"06037530802",15.687,"45389"
"06037101300",15.122,"71550"
"06037670403",17.789,"116250"
"06037109604",11.968,"70871"
"06037111206",18.358,"115000"
"06037113101",12.760,"87500"
"06037113102",17.962,"114625"
"06037115104",21.445,"41875"
"06037600303",5.853,"22473"
"06037602504",2.630,"39795"
"06037602505",3.838,"36061"
"06037602506",3.284,"48595"
"06037602507",2.451,"35203"
"06037240402",5.858,"29615"
"06037106645",20.789,"110083"
"06037121102",2.634,"61351"
"06037123902",17.439,"55000"
"06037124104",10.196,"40487"
"06037124902",10.548,"43658"
"06037402303",9.978,"34118"
"06037402304",6.690,"28141"
"06037207101",8.669,"18618"
"06037207102",6.270,"15810"
"06037207301",2.053,"16120"
"06037207502",9.574,"19698"
"06037208301",6.323,"36477"
"06037405702",7.563,"55300"
"06037117101",9.132,"76150"
"06037117102",16.079,"62857"
"06037117201",13.682,"41276"
"06037117407",3.575,"29717"
"06037117408",9.157,"27930"
"06037119341",8.682,"43750"
"06037119342",6.770,"37667"
"06037120103",2.664,"30560"
"06037408505",21.597,"85530"
"06037408631",9.531,"63019"
"06037189904",2.992,"43033"
"06037190201",3.366,"27829"
"06037190401",6.433,"41012"
"06037190402",4.913,"22415"
"06037502802",3.556,"27500"
"06037407302",6.970,"63214"
"06037407102",10.110,"54449"
"06037407002",4.997,"75833"
"06037408202",3.921,"46518"
"06037503501",11.269,"69877"
"06037501600",24.388,"90990"
"06037503402",13.659,"74291"
"06037532102",10.731,"61563"
"06037402403",7.384,"48697"
"06037402402",5.194,"59300"
"06037402502",6.808,"40125"
"06037402801",3.671,"33194"
"06037402501",7.636,"36988"
"06037500900",7.114,"50770"
"06037503701",9.548,"57375"
"06037532200",4.513,"42622"
"06037504001",13.447,"71835"
"06037430701",15.159,"97866"
"06037430724",8.100,"56133"
"06037430801",8.595,"66085"
"06037534900",6.982,"40889"
"06037480011",8.079,"56487"
"06037430101",9.555,"45437"
"06037480703",26.300,"93807"
"06037534502",5.433,"48969"
"06037535300",4.844,"37132"
"06037535400",3.306,"28295"
"06037535200",9.776,"45764"
"06037183820",13.306,"38438"
"06037183810",8.371,"29712"
"06037183520",18.558,"39737"
"06037183610",10.253,"32380"
"06037183510",15.076,"58977"
"06037183300",8.387,"43250"
"06037183620",11.832,"45223"
"06037124400",17.720,"55000"
"06037302302",7.273,"36776"
"06037302102",19.984,"41218"
"06037311802",9.609,"50828"
"06037106113",11.092,"65016"
"06037405102",6.812,"48108"
"06037405002",4.598,"59650"
"06037405900",7.280,"67125"
"06037404901",7.982,"57738"
"06037135202",20.309,"82825"
"06037600702",6.559,"85213"
"06037296300",20.079,"84800"
"06037600400",8.095,"45286"
"06037600501",10.433,"68893"
"06037123800",18.095,"46505"
"06037123700",13.840,"50833"
"06037123602",24.565,"44244"
"06037123510",14.680,"36220"
"06037123301",7.362,"54415"
"06037123410",8.964,"39821"
"06037123303",9.582,"38864"
"06037123304",8.845,"32675"
"06037541605",6.881,"41441"
"06037540902",2.643,"41311"
"06037540800",8.841,"42054"
"06037540901",6.027,"43929"
"06037432601",13.410,"48807"
"06037432902",5.383,"67924"
"06037432801",3.820,"30742"
"06037482001",13.503,"84286"
"06037481800",15.874,"80179"
"06037481714",4.611,"25388"
"06037530700",2.815,"53250"
"06037221210",5.693,"32431"
"06037224200",4.452,"29556"
"06037701802",8.101,"55401"
"06037702202",15.845,"67361"
"06037293302",9.435,"72723"
"06037125502",13.996,"51891"
"06037127103",6.976,"41000"
"06037127104",10.204,"35297"
"06037127603",12.522,"45727"
"06037127711",19.401,"63365"
"06037127803",13.652,"31824"
"06037127804",11.403,"37881"
"06037115403",11.888,"42607"
"06037115404",12.124,"43232"
"06037117202",11.432,"92480"
"06037119001",11.683,"70530"
"06037119002",8.900,"53929"
"06037119201",8.111,"57031"
"06037119202",7.398,"57850"
"06037121801",7.869,"36591"
"06037241001",6.014,"34375"
"06037241002",6.715,"45548"
"06037241202",6.500,"32778"
"06037262501",36.224,"157721"
"06037262604",32.578,"133813"
"06037481605",10.485,"52762"
"06037481606",8.648,"37391"
"06037500404",9.128,"66865"
"06037501001",10.328,"48352"
"06037211703",1.987,"39232"
"06037212701",11.009,"50972"
"06037214502",12.695,"53485"
"06037214902",3.320,"55912"
"06037219901",8.036,"28053"
"06037234501",10.574,"35417"
"06037234502",8.193,"38500"
"06037120104",3.398,"35375"
"06037120106",8.647,"28897"
"06037120107",8.511,"21612"
"06037120108",7.928,"37804"
"06037121101",6.639,"53878"
"06037121221",11.238,"50417"
"06037121222",6.336,"41591"
"06037122121",9.667,"35592"
"06037124103",8.950,"42781"
"06037190801",7.625,"21119"
"06037207302",2.814,"31269"
"06037207501",15.995,"56169"
"06037208501",6.245,"42727"
"06037185203",14.748,"55335"
"06037185204",42.154,"79219"
"06071001702",9.878,"61285"
"06071001600",2.234,"30173"
"06071001200",14.778,"60307"
"06071000604",7.415,"60545"
"06071000503",12.585,"56625"
"06071000401",10.636,"71844"
"06071000303",6.625,"48900"
"06071000501",10.614,"77109"
"06071000603",7.072,"47198"
"06071002207",1.482,"59213"
"06071000301",3.555,"42629"
"06071000109",19.868,"95784"
"06071000108",13.507,"96650"
"06071000105",10.980,"115270"
"06071000104",7.946,"89722"
"06071000107",8.771,"79375"
"06071001707",8.914,"57421"
"06071001706",11.195,"51452"
"06071012200",1.677,"94133"
"06071002011",13.721,"105817"
"06071000814",12.119,"113575"
"06071002021",8.992,"115400"
"06071002017",17.868,"105878"
"06071000816",12.566,"95089"
"06071000901",10.381,"46250"
"06071002016",10.092,"87372"
"06071012700",3.321,"79602"
"06071002027",9.615,"57117"
"06071002103",12.347,"47922"
"06071002036",5.728,"61977"
"06071000404",8.830,"49107"
"06071000403",11.066,"93508"
"06071002110",4.606,"58750"
"06071002109",4.361,"56122"
"06071002105",5.430,"50874"
"06071000815",6.812,"108750"
"06071000817",3.285,"59006"
"06071000504",4.815,"82266"
"06071000606",7.320,"58446"
"06071002028",10.401,"75313"
"06071001308",5.016,"58667"
"06071001309",7.200,"52461"
"06071001311",6.575,"87438"
"06071000113",10.679,"62990"
"06071000115",5.917,"120489"
"06071000117",11.154,"108269"
"06071000813",8.070,"100753"
"06071002014",9.695,"109792"
"06071001305",4.456,"46652"
"06071001310",7.348,"61113"
"06071001501",8.514,"39635"
"06071000821",2.088,"49476"
"06071000819",7.567,"90227"
"06071000820",7.123,"103036"
"06071001103",10.856,"54688"
"06071001503",4.996,"35523"
"06071001307",3.630,"66364"
"06071000903",6.489,"49099"
"06071001901",7.470,"89107"
"06071000605",9.094,"39459"
"06071000203",8.202,"57892"
"06071000826",9.455,"66420"
"06071000824",12.379,"44573"
"06071001813",6.046,"41813"
"06071001809",7.884,"52932"
"06071001704",8.207,"54590"
"06071001810",6.233,"46426"
"06071002013",12.985,"61951"
"06071000812",13.681,"81389"
"06071000818",10.817,"85370"
"06071000904",7.800,"49871"
"06071001104",7.874,"57227"
"06071002034",2.716,"86915"
"06071002033",6.170,"90923"
"06071002101",4.137,"56765"
"06071001101",7.013,"39665"
"06071001804",6.156,"74809"
"06071001806",7.835,"72813"
"06071000808",9.382,"71715"
"06071000304",7.809,"61860"
"06071000825",7.647,"46604"
"06071000823",7.779,"41115"
"06071001002",10.861,"46138"
"06071002023",11.216,"48938"
"06071002018",12.852,"93629"
"06071001808",6.784,"86859"
"06071001812",7.834,"39306"
"06071002015",8.353,"77474"
"06071000201",3.883,"52863"
"06071000804",13.880,"106905"
"06071000208",6.776,"46094"
"06071000205",5.773,"48387"
"06071001001",6.404,"48267"
"06071002019",9.645,"79672"
"06071002107",10.188,"43816"
"06071002037",,"89964"
"06071002029",9.585,"87353"
"06071002025",9.020,"58636"
"06071002010",,"111888"
"06071001400",7.963,"31026"
"06071000207",7.845,"58342"
"06071001504",5.885,"38478"
"06071002035",5.412,"100391"
"06071002031",7.905,"120500"
"06071000103",8.898,"81013"
"06071001803",3.650,"48125"
"06071001703",5.520,"83433"
"06071001312",2.425,"55331"
"06071002206",11.649,"68667"
